date,sofixBG,hicpBG,empBG,survIndustryBG,survRetailBG,survServiceBG,ppiBG,retailBG,importsBG,exportsBG,constBG,ipBG,arrivalsBG,survConsBG
01/01/2005,,,,0.021,0.107,0.239,,,,,,,,1
01/02/2005,0.176351207,0.007598824,0.00020,0.007,0.078,0.105,0.007557194,-0.014457831,0.007371007,-0.068230277,-0.007863696,0.004283076,,1
01/03/2005,0.116613209,0.006042963,0.00026,-0.044,0.087,0.096,0.014445614,0.014669927,-0.009756098,0.105263158,0.031704095,0.032607434,,1
01/04/2005,-0.068155715,0.011581168,0.00789,0.025,0.125,0.188,0.007486045,0.026506024,0.041871921,-0.031055901,0.038412292,-0.008934455,,1
01/05/2005,-0.006716708,0.004212285,0.00035,0.021,0.148,0.163,-0.008120782,-0.004694836,0.040189125,0.036324786,0.012330456,0.021877026,,1
01/06/2005,-0.064923512,0.010522349,0.00349,0.02,0.141,0.223,0.010858798,0.014150943,0,0.026804124,0.029232643,0.007862852,,1
01/07/2005,0.005144733,0.004697321,0.01276,0.045,0.162,0.131,0.010709805,0.004651163,0.006818182,0.004016064,0.033136095,0.012623003,,1.1
01/08/2005,0.084079417,0.007860792,0.00129,0.023,0.143,0.015,0.002990252,0.013888889,-0.027088036,-0.042,0.022909507,-0.023822753,,1
01/09/2005,0.053158974,0.007515899,0.00689,0.043,0.13,0.121,0.018555022,0.002283105,-0.018561485,-0.037578288,0,0.018875239,,1
01/10/2005,-0.000526053,0.007105254,-0.00713,0.039,0.088,0.077,0.013736663,0.011389522,0.066193853,0.171366594,0.042553191,0.036662537,,1
01/11/2005,-0.021680681,0.002598369,0.00604,0.049,0.075,0.118,0.01277604,0.013513514,0.00443459,-0.048148148,0.023630505,-0.015887666,,1
01/12/2005,-0.029650187,0.003200283,0.00461,0.035,0.104,0.127,0.017391661,0.013333333,0.039735099,0.087548638,-0.009443861,0.02337592,,1.09
01/01/2006,0.038427256,0.002349185,-0.01542,-0.017,0.062,0.083,0.0044936,-0.024122807,-0.070063694,-0.035778175,-0.103813559,-0.024032681,,1
01/02/2006,0.030459278,0.024728895,0.00245,-0.025,0.089,0.087,0.019863263,0.02247191,0.015981735,0.012987013,0.086288416,-0.011826191,,0.983
01/03/2006,0.001943286,0.003916222,0.00169,-0.022,0.102,0.136,-0.005700661,0,0.047191011,-0.023809524,0.027203482,0.004301334,,1
01/04/2006,0.002835903,0.00627355,0.01378,-0.011,0.101,0.184,0.015705186,0.01978022,-0.008583691,0.097560976,0.07309322,0.027462195,,1
01/05/2006,0.00208259,0.005965484,0.00572,-0.03,0.118,0.331,0.033509982,0.030172414,0.058441558,-0.090598291,0.060217177,0.016294619,,1.11
01/06/2006,0.001573924,0.001922046,0.00313,-0.02,0.133,0.326,0.008581913,0.012552301,0.00408998,0.022556391,0.002793296,0.004952176,,1
01/07/2006,0.025215776,-0.000438156,0.00397,0.085,0.236,0.33,-0.001019218,0.01446281,0.00610998,-0.045955882,0.038068709,-0.013572513,,1
01/08/2006,0.044102623,-6.07E-05,-0.00090,0.09,0.211,0.273,0.003654128,0.020366599,0.022267206,0.032755299,-0.003577818,0.032571006,,1
01/09/2006,0.003038715,-0.006813952,0.00247,0.094,0.243,0.271,-0.001391999,0.015968064,-0.011881188,0.026119403,0.072710952,-0.004910285,,1.14
01/10/2006,0.104780567,0.00679074,0.00453,0.075,0.241,0.254,-0.000420808,0.009823183,0.044088176,-0.043636364,-0.083682008,-0.005198121,,1
01/11/2006,0.062286228,0.009226387,0.00284,0.061,0.26,0.26,0.009728262,0.021400778,-0.009596929,0.015209125,0.038356164,0.004548006,,1
01/12/2006,0.077633461,0.007754348,0.00219,0.072,0.254,0.258,0.001438542,0.00952381,0.178294574,0.063670412,0.087950748,0.018927992,,1
01/01/2007,0.137635912,0.008417184,0.00348,0.067,0.261,0.278,-0.004112291,0.026415094,0.09375,-0.093309859,0.027485853,-0.014476538,,1
01/02/2007,-0.02671645,0.004143373,0.00302,0.063,0.231,0.271,-0.006261595,0.018382353,-0.046616541,0.048543689,0.018882769,0.059805982,,1
01/03/2007,-0.037722082,0.002561614,0.00352,0.072,0.213,0.274,0.007827648,0.019855596,0.042586751,0.072222222,0.003861004,0.003290155,,1
01/04/2007,0.004763177,0.005256498,-0.00225,0.068,0.18,0.316,0.014748374,0.003539823,-0.059001513,-0.017271157,0.01,-0.002771728,,1
01/05/2007,0.003897474,0.005585736,0.00157,0.096,0.215,0.284,0.014294606,0.019400353,0.019292605,0.019332162,0.007616146,-0.003075013,,1
01/06/2007,0.061383331,0.007715107,0.00264,0.074,0.207,0.331,0.009359869,0,0.029968454,0.015517241,0.047619048,0.005902959,,1
01/07/2007,0.11112691,0.013902511,-0.00243,0.083,0.182,0.288,0.015331949,0.006920415,0.02143951,-0.03565365,0,0.01251127,,1
01/08/2007,0.040056012,0.022189959,0.00326,0.091,0.204,0.256,0.011618133,0.012027491,0.005997001,-0.026408451,0.019480519,3.24E-05,,1
01/09/2007,0.079576871,0.010346946,0.00193,0.071,0.243,0.246,0.003195574,0.006791171,0.070044709,0.068716094,-0.042462845,0.003758838,,1
01/10/2007,0.127492908,0.003622666,-0.00948,0.081,0.183,0.201,0.018986665,0.008431703,-0.061281337,-0.010152284,0.018477458,0.0020531,,1.15
01/11/2007,-0.083873379,0.016981385,0.00891,0.068,0.215,0.204,0.031587588,0.010033445,0.054896142,0.022222222,0.037735849,0.0023002,,1
01/12/2007,-0.016088524,0.010100008,0.00569,0.062,0.255,0.179,-0.018795704,0.01986755,0.009845288,0.030100334,0.023076923,0.021811572,,1
01/01/2008,-0.117508459,0.010420212,0.02717,0.081,0.224,0.145,0.012314705,0.006493506,0.168523677,-0.00487013,0.007518797,-0.029005291,,1
01/02/2008,-0.07195694,0.009214281,0.00322,0.07,0.24,0.177,0.010836459,0.020967742,0.026221692,0.024469821,0.037991859,0.0089443,-0.000734401,1
01/03/2008,-0.085188504,0.011600063,-0.00018,0.046,0.182,0.194,0.018523672,0.004739336,-0.038327526,0.041401274,-0.010457516,0.006569766,-0.002611177,1
01/04/2008,-0.093480839,0.006051902,-0.00448,0.082,0.221,0.275,-0.00295745,0.012578616,0.09178744,0.001529052,0.013870542,0.018727501,-0.001738411,1
01/05/2008,0.027167111,0.010168776,-0.00068,0.104,0.182,0.296,0.006420334,-0.00931677,-0.022123894,-0.041221374,0.010423453,0.013850641,-0.002256993,1
01/06/2008,-0.01163008,0.012034128,-0.00068,0.093,0.211,0.293,0.0084206,0.001567398,0.07239819,-0.012738854,-0.016763378,-0.023005403,0.013947745,1
01/07/2008,-0.109495961,0.011088253,0.03600,0.095,0.174,0.232,0.020315802,-0.004694836,-0.064345992,0.001612903,0.011147541,-0.006218087,-0.023815566,1
01/08/2008,-0.038090488,-0.000531577,-0.00182,0.065,0.165,0.253,0.003271347,-0.007861635,-0.030439684,0.019323671,0.001297017,-0.027729253,0.021465159,1
01/09/2008,-0.102898049,0.007310543,-0.00158,0.091,0.165,0.255,-0.002660281,-0.003169572,-0.046511628,-0.045813586,-0.013601036,0.01215505,-0.036714322,1
01/10/2008,-0.326522457,0.001414681,0.00038,0.064,0.209,0.256,0.003527844,0.001589825,0.040243902,0.009933775,0.015758372,-0.03467922,0.002108226,1
01/11/2008,-0.351023802,-0.003880304,-0.00445,-0.001,0.22,0.204,-0.025740604,-0.001587302,-0.113716295,-0.052459016,-0.020038785,-0.02246401,-0.006410378,1
01/12/2008,-0.09480061,-0.004953769,-0.00635,-0.082,0.014,-0.002,-0.058993728,-0.00317965,-0.134920635,-0.012110727,-0.009234828,-0.024296334,-0.003717183,0.929
01/01/2009,-0.098879459,0.000732176,-0.00153,-0.073,0.021,-0.028,-0.003826395,-0.011164274,-0.001529052,-0.133099825,-0.018641811,-0.111759611,-0.020554679,0.925
01/02/2009,-0.180671185,0.002689464,-0.00501,-0.068,-0.035,-0.054,-0.009340791,-0.017741935,0.053598775,0.076767677,-0.019674355,0.040070142,0.000727888,0.906
01/03/2009,0.023595128,-0.001698966,-0.01070,-0.089,-0.151,-0.028,-0.007954135,-0.014778325,-0.021802326,-0.033771107,-0.014532872,-0.03835196,0.0031342,0.889
01/04/2009,0.180939244,0.004183306,0.00883,-0.07,-0.114,-0.037,-0.006325122,-0.003333333,-0.071322437,-0.081553398,-0.016151685,-0.009945934,-0.019359959,0.854
01/05/2009,0.157494111,0.001312631,-0.00756,-0.09,-0.129,0.02,0.002665331,-0.02173913,0.0496,0.122621564,-0.037830121,0.005504786,-0.002776271,0.869
01/06/2009,-0.025459981,0.007180044,-0.00662,-0.135,-0.128,-0.007,0.005963526,-0.006837607,-0.0625,-0.024482109,-0.014094955,-0.005328221,-0.014860399,0.862
01/07/2009,-0.038659166,-0.004524859,-0.00664,-0.097,-0.135,-0.001,-0.012527264,-0.00172117,-0.021138211,-0.021235521,-0.023325809,-0.001269217,0.007397508,0.884
01/08/2009,0.230128614,0.001927481,-0.00806,-0.112,-0.116,-0.012,0.00236465,-0.010344828,0.074750831,0.027613412,-0.033898305,0.010807533,-0.040555665,0.877
01/09/2009,0.11428212,-0.002491709,-0.00635,-0.099,0.02,-0.006,0.018087421,0.005226481,-0.027820711,0.049904031,-0.032695375,-0.03709527,0.054588186,0.905
01/10/2009,-0.018583128,0.002273848,0.01330,-0.078,0.013,-0.06,-0.001420136,0,0.028616852,0.093235832,-0.028854081,0.039814241,-0.001232922,0.891
01/11/2009,-0.04003837,0.002397447,-0.01008,-0.115,0.033,-0.021,0.012212597,-0.010398614,-0.047913447,-0.048494983,-0.033955857,0.007053042,-0.001992372,0.881
01/12/2009,-0.046803374,0.002098493,-0.00167,-0.11,0.013,-0.093,0.014540609,-0.022767075,0,-0.059753954,-0.003514938,-0.027376574,0.006801244,0.882
01/01/2010,0.000820268,0.003533641,-0.01173,-0.093,0.01,-0.09,0.011576382,-0.035842294,-0.043831169,-0.007476636,0.024691358,0.008403539,0.016321875,0.854
01/02/2010,0.004691012,0.001195484,-0.00574,-0.107,0.012,-0.051,0.001060197,0.001858736,-0.008488964,0.064030132,-0.054216867,-0.049276575,-6.78E-05,0.853
01/03/2010,-0.029972531,0.005063901,-0.00291,-0.098,-0.037,-0.038,0.006954681,-0.014842301,0.087328767,-0.003539823,0.051865332,0.063871949,-0.007274608,0.877
01/04/2010,0.001869993,0.010301886,-0.00087,-0.093,-0.011,0.002,0.022539817,-0.003766478,0.026771654,0.044404973,-0.003460208,-0.009609151,0.024484821,0.897
01/05/2010,-0.065582273,0.00151133,-0.00459,-0.069,-0.01,-0.028,0.017793341,0.001890359,0.041411043,0.047619048,-0.013888889,0.010102758,0.000889251,0.879
01/06/2010,-0.05317717,0.000489947,-0.00104,-0.065,0.011,-0.086,-0.001627146,0.009433962,-0.035346097,0.074675325,-0.014964789,0.032945309,-0.010051024,0.855
01/07/2010,-0.027325298,0.002556678,0.00165,-0.063,0.007,-0.091,0.00028112,0.009345794,-0.01221374,0.03776435,-0.015192136,-0.018597549,0.025103948,0.853
01/08/2010,0.069370615,0.001967389,-0.00340,-0.053,0.063,-0.022,0.008457122,-0.003703704,0.035548686,0.004366812,-0.002722323,0.022252203,0.024921615,0.904
01/09/2010,0.00795771,0.002267834,-0.00641,-0.051,0.03,-0.011,0.000138535,0.005576208,-0.010447761,-0.026086957,-0.000909918,0.012898301,-0.020370943,0.892
01/10/2010,-0.073025556,0.002236296,0.00789,-0.056,0.04,0.041,0.006457162,0.005545287,0.042232278,-0.020833333,-0.005464481,-0.000941042,0.00106518,0.928
01/11/2010,-0.035385522,0.005942206,-0.00096,-0.062,0.059,0.009,0.019344484,0,0.083936324,-0.009118541,0.01007326,-0.003849458,0.012845302,0.94
01/12/2010,0.032481098,0.005953904,-0.00113,-0.049,0.01,0.022,0.022565379,-0.007352941,-0.060080107,0.078220859,-0.103354488,-0.011740499,-0.00440858,0.964
01/01/2011,0.045417471,0.003002164,0.00445,-0.045,0.021,0.005,0.011189087,0.007407407,0.09375,0.123755334,-0.011122346,0.041541648,0.005432198,0.937
01/02/2011,0.147823876,0.004083542,0.00075,-0.033,0.021,0.027,0.01573677,0.007352941,-0.103896104,-0.083544304,-0.006134969,0.020878987,0.007217019,0.924
01/03/2011,0.012545846,0.005119296,-0.00205,-0.035,0.122,-0.061,0.006578756,-0.010948905,0.014492754,-0.020718232,-0.017489712,-0.014336992,-0.001887668,0.867
01/04/2011,0.009066598,-0.001944802,-0.00487,-0.032,0.003,0.033,0.015476523,-0.007380074,0.027142857,0.043723554,-0.008376963,0.01729758,0.014459055,0.911
01/05/2011,-0.01079297,0.002454303,-0.00191,-0.042,0.03,0.038,-0.016168242,0.011152416,-0.009735744,0.041891892,0.013727561,-0.014471316,-0.004212547,0.908
01/06/2011,-0.057641295,0.00069617,-0.00247,-0.038,0.005,0.036,-0.003005652,-0.009191176,-0.047752809,-0.106355383,0.017708333,-0.02192711,-0.000609263,0.913
01/07/2011,0.008451624,0.001462833,-0.00215,-0.035,0.036,0.043,0.010470653,-0.011131725,0.126843658,0.081277213,-0.006141249,0.027397601,-0.005595124,0.912
01/08/2011,-0.077411509,-0.001526687,-0.00145,-0.054,0.126,0.003,-0.016443304,0.003752345,-0.106020942,-0.006711409,-0.002059732,-0.030788571,-0.004431184,0.891
01/09/2011,-0.058584614,0.001183762,0.00151,-0.043,0.106,0.019,0.016870857,0.011214953,0.131771596,-0.001351351,0.002063983,0.016929392,0.011716309,0.944
01/10/2011,-0.061516837,0.003144283,-0.00923,-0.032,0.141,0.009,-0.008711898,-0.001848429,-0.037516171,0.029769959,-0.002059732,0.008837229,0.0031045,0.96
01/11/2011,-0.034719703,0.001682184,-0.00292,-0.035,0.082,-0.026,0.012014,0.001851852,-0.014784946,-0.019710907,0.007223942,-0.018782405,-0.005157566,0.933
01/12/2011,-0.057739914,0.000284245,-0.00155,-0.076,0.098,-0.054,-0.005259821,0.014787431,0.001364256,0.045576408,-0.00307377,-0.025429052,0.007683846,0.873
01/01/2012,0.023664861,0.002423258,-0.00495,-0.07,-0.073,0.037,0.01702126,0.041894353,-0.004087193,-0.107692308,-0.01336074,-0.000455304,0.000950902,0.916
01/02/2012,-0.017131202,0.005089004,-0.00430,-0.045,-0.066,-0.048,0.002617231,-0.012237762,-0.02872777,-0.074712644,-0.092708333,-0.011714097,-0.009592109,0.863
01/03/2012,-0.000391882,0.002686681,-0.00230,-0.033,-0.019,0.008,0.004803866,0.010619469,0.084507042,0.121118012,0.112514351,0.043050449,0.016062981,0.917
01/04/2012,-0.021375699,0.001081557,-0.00392,-0.05,0.039,0.048,0.018665894,-0.012259194,0.018181818,0.004155125,-0.005159959,-0.003322706,-0.013301416,0.91
01/05/2012,-0.00559702,0.000402286,-0.00141,-0.053,0.074,0.09,-0.018173637,0.014184397,0.045918367,0.096551724,0.001037344,0.024625792,0.008764991,0.909
01/06/2012,-0.035433772,-0.001691866,0.00048,-0.064,0.037,0.126,-0.011748925,0.008741259,-0.025609756,-0.083018868,0.011398964,0.001687762,0.008857799,0.933
01/07/2012,0.024145064,0.008548662,-0.00245,-0.047,0.098,0.101,0.017670759,-0.012131716,-0.037546934,-0.008230453,0.009221311,-0.011411576,0.011215121,0.936
01/08/2012,0.067220936,0.005183486,-0.00124,-0.07,0.118,0.105,0.0134749,0.003508772,-0.009102731,0.041493776,-0.009137056,0.011799041,-0.012116523,0.917
01/09/2012,0.003912249,0.005976644,0.00253,-0.075,0.136,0.053,0.009143547,-0.019230769,-0.009186352,-0.014608234,-0.007172131,-0.025896488,0.012809463,0.925
01/10/2012,0.011987037,-0.001939724,-0.00917,-0.082,0.083,0.05,0.004545342,0,-0.013245033,-0.0606469,0.026831785,-0.020762494,-0.002651012,0.903
01/11/2012,0.014416372,-0.001271231,0.00095,-0.068,0.093,0.038,-0.007172169,0.005347594,-0.012080537,0.107604017,0,0.015821055,0.007933984,0.903
01/12/2012,0.011114464,8.39E-05,0.00147,-0.067,0.052,0.008,-0.004353125,0.005319149,-0.033967391,-0.069948187,-0.079396985,0.049601071,9.88E-05,0.92
01/01/2013,0.107366039,0.001477113,0.00040,-0.081,0.002,-0.012,-0.011282398,-0.02292769,0.073136428,0.137883008,-0.007641921,-0.013626735,0.001395778,0.882
01/02/2013,0.069305469,0.001945919,0.00175,-0.075,0.087,0.03133333,0.005404542,-0.007220217,0.077326343,-0.05997552,0.00880088,-0.034191575,0.011688092,0.895
01/03/2013,-0.029075437,-0.002779399,0.00052,-0.064,0.036,0.069,-0.011158917,0.036363636,-0.080291971,0.01953125,-0.0087241,-0.015711381,-0.004732029,0.942
01/04/2013,0.015307828,-0.006089073,-0.00202,-0.079,0.044,0.006,-0.004920035,0.033333333,0.05952381,0.068965517,0.01760176,-0.01470391,0.003593568,0.894
01/05/2013,0.068452377,0.001395964,0.00119,-0.112,0.109,0.054,-0.00926199,-0.006791171,-0.047440699,-0.106332139,0.020540541,0.002989773,-0.002123525,0.901
01/06/2013,0.061744286,0.000120649,-0.00054,-0.087,0.108,0.013,-0.001475535,0.001709402,0.073394495,0.014705882,-0.033898305,0.022907373,0.012097905,0.893
01/07/2013,0.012744679,-0.004335694,-0.00164,-0.088,0.118,0.047,-0.001063343,0.018771331,-0.017094017,0.073781291,0.010964912,0.016988682,0.002516114,0.907
01/08/2013,0.007994193,-0.002491952,-0.00147,-0.096,0.167,0.066,0.000586706,0.006700168,-0.048447205,0.063803681,0.035791757,0.014829666,0.007469527,0.925
01/09/2013,0.013399607,0.000632841,0.00043,-0.086,0.152,0.088,-0.002371008,0.003327787,0.133159269,-0.040369089,0.008376963,-0.000661043,-0.0083172,0.958
01/10/2013,0.000384273,0.000220119,-0.00587,-0.079,0.134,0.05,0.001134051,0.009950249,-0.111751152,-0.007211538,-0.026998962,0.016243452,0.001363592,0.94
01/11/2013,0.015526399,0.000524866,0.00224,-0.098,0.148,0.042,-0.000748412,0.006568144,0.067444877,0.039951574,-0.001067236,-0.001951575,-0.00125484,0.922
01/12/2013,0.034080981,0.000229341,-0.00078,-0.099,0.09,0.065,0.004013004,-0.01141925,-0.065613609,-0.111757858,-0.010683761,-0.014295268,-0.000563585,0.925
01/01/2014,0.106990058,-0.00349315,0.03625,-0.089,0.06,0.084,-0.003152528,0.03960396,0.068920676,-0.010484928,0.052915767,0.02207394,0.00245634,0.938
01/02/2014,0.089903591,-0.004827431,-0.00042,-0.083,0.09,0.072,-0.005631599,0.004761905,-0.030413625,0.050331126,0.003076923,-0.001016614,-0.000246134,0.942
01/03/2014,0.044298835,-0.000864995,-0.00001,-0.052,0.178,0.091,-0.00690298,0.001579779,-0.026348808,-0.085750315,-0.006134969,-0.025573511,0.002657698,0.984
01/04/2014,0.005042825,3.05E-05,0.00491,-0.052,0.153,0.084,0.003777087,0,0.055412371,0.114482759,0.009259259,0.030388221,-0.000285725,0.969
01/05/2014,-0.014458247,-0.002796154,0.00048,-0.009,0.135,0.133,0.002716911,0.003154574,-0.032967033,0.018564356,-0.006116208,-0.032163344,0.00263619,0.993
01/06/2014,-0.049697808,-0.001089982,0.00150,0.019,0.13,0.095,0.001065568,0.003144654,0.005050505,-0.015795869,0.009230769,-0.016271521,0.007228314,0.963
01/07/2014,-0.04044962,0.002034434,0.01009,-0.017,0.113,0.09,0.001475557,0.02507837,-0.022613065,-0.001234568,0.016260163,0.016648603,0.158930979,0.973
01/08/2014,0.002122243,-0.001570455,-0.00646,-0.02,0.086,0.009,0.002078411,0.009174312,0.163239075,0.065512979,-0.008,-0.003784289,-0.152611731,0.936
01/09/2014,0.009579279,-0.002873447,-0.00208,-0.034,0.081,-0.011,-0.000225367,0.009090909,-0.024309392,-0.011600928,0.013104839,0.018249686,0.02420548,0.905
01/10/2014,-0.049510348,-0.000341151,0.00238,-0.006,0.061,-0.019,0.005167439,-0.001501502,-0.073612684,-0.026995305,0.023880597,0.008013792,-0.017003567,0.919
01/11/2014,-0.001183307,-0.002977795,0.00001,-0.028,0.071,-0.015,-0.006985052,-0.007518797,0.028117359,0.033775633,-0.000971817,0.004939261,0.00988562,0.946
01/12/2014,0.013650375,-0.001360601,0.00033,-0.027,0.097,0.011,-0.011995189,0.022727273,0.035671819,-0.019836639,0.015564202,-0.005563658,-0.002738314,0.947
01/01/2015,-0.051937029,-0.00724633,0.00003,-0.023,0.04366667,0.071,-0.015207754,0.088888889,-0.012629162,0.010714286,0.04789272,0.021367249,0.002523947,0.96
01/02/2015,-0.0166709,0.002394338,-0.00053,0.007,0.104,0.055,0.01190642,-0.008163265,0.060465116,-0.011778563,0.010054845,5.04E-05,-0.005838624,0.984
01/03/2015,0.004246644,0.005514673,-0.00238,-0.006,0.098,0.037,0.01438921,-0.030178326,-0.039473684,0.020262217,-0.00361991,-0.016113865,0.005393424,0.966
01/04/2015,0.020702165,0.002253885,0.00000,-0.003,0.096,0.05,-0.003559962,0.005657709,-0.020547945,0.03271028,0.00181653,0.020414785,-0.005587778,0.996
01/05/2015,-0.034526287,0.002657126,0.00302,0.011,0.118,0.11,0.006019655,0.004219409,-0.004662005,-0.015837104,0.01087942,0.007099647,0.00922559,1
01/06/2015,-0.005273157,-0.00434205,-0.00001,0.007,0.142,0.098,-0.004650673,0.00140056,-0.015222482,-0.004597701,-0.009865471,-0.019100661,-0.027530161,1
01/07/2015,-0.018739087,-0.00313804,0.00659,0.009,0.15,0.106,-0.006105157,0.01958042,0.068965517,-0.041570439,-0.024456522,0.000163309,0.006119023,0.999
01/08/2015,-0.019788283,-0.00020945,-0.00531,0.006,0.153,0.1,-0.017709575,-0.015089163,-0.045606229,0.014457831,0.03992572,0.004859783,0.028527466,1
01/09/2015,-0.038451415,-0.003017621,-0.00028,-0.011,0.155,0.103,-0.005086958,0.020891365,-0.034965035,-0.045130641,-0.016071429,-0.014419307,-0.01190424,0.999
01/10/2015,-0.013429287,-0.001931612,0.00253,-0.005,0.122,0.092,-0.008057146,0.005457026,0.079710145,0.039800995,0.056261343,0.015754072,0.031379866,1
01/11/2015,-0.001809277,-0.000777956,-0.00158,-0.004,0.155,0.068,-0.004209074,-0.004070556,0.027964206,-0.003588517,-0.0395189,0.006546992,0.002572743,1
01/12/2015,-0.004296514,-0.00092931,-0.00128,-0.01,0.095,0.068,-0.005918513,0.019073569,-0.018498368,0.057623049,-0.008944544,-0.006468222,0.010339126,1
01/01/2016,0.019998979,-0.002123637,0.00336,-0.022,0.062,0.092,-0.011634817,-0.006684492,-0.039911308,0.007945516,-0.187725632,0.020737177,0.018747117,1
01/02/2016,-0.0054327,-0.0033713,0.00226,-0.006,0.106,0.088,-0.007871094,0.01884253,0.025404157,-0.043918919,0.002222222,-0.015736344,0.007392045,1
01/03/2016,-0.001996298,-0.003908916,0.00169,-0.007,0.103,0.08,0.011956241,0.002642008,-0.023648649,0,0.025498891,-0.000937084,0.009264827,1
01/04/2016,-0.016123107,-0.003822095,0.00151,-0.024,0.166,0.098,-0.000234865,0.015810277,0.024221453,0.040047114,-0.007567568,0.014606188,0.015779959,1
01/05/2016,0.00410691,0.001663189,-0.00154,-0.009,0.21,0.121,0.000646605,-0.019455253,-0.009009009,-0.009060023,-0.010893246,-0.02676276,0.012924953,0.993
01/06/2016,0.024833634,0.002291583,0.00274,0.016,0.188,0.116,0.010399804,0.026455026,0.002272727,0.038857143,0.004405286,0.038891537,0.022700067,1
01/07/2016,0.004174594,0.00481033,0.00169,-0.005,0.176,0.118,-0.005544366,-0.009020619,0.030612245,0.00990099,0.014254386,-0.00475849,0.007220648,1.03
01/08/2016,0.022779142,-0.001103237,0.00005,-0.025,0.206,0.093,-0.000178749,0.010403121,0.060506051,0.005446623,-0.012972973,-0.003495042,-0.00768642,1
01/09/2016,0.037883879,-0.001724986,0.00216,-0.015,0.212,0.082,0.003002852,0.001287001,-0.096473029,0.013001083,0.010952903,0.015861427,0.025139006,1
01/10/2016,0.062482042,-0.000418072,-0.00154,-0.018,0.192,0.083,0.004183679,-0.003856041,0.081515499,0.004278075,0.013001083,-0.005194198,0.005324618,1
01/11/2016,0.06107327,0.000367793,0.00280,-0.009,0.176,0.096,0.003324261,0.012903226,-0.037154989,-0.001064963,0.020320856,0.010453115,0.007609144,1.07
01/12/2016,0.063331298,0.003020077,0.00022,-0.024,0.131,0.077,0.021361102,0.005095541,0.019845645,0.065031983,0.00524109,0.016345039,0.008718686,1
01/01/2017,0.045298792,0.005941785,0.00296,-0.022,0.096,0.122,0.003845765,0.005069708,-0.022702703,-0.078078078,-0.145985401,-0.031762733,-0.006031934,1
01/02/2017,0.000824257,0.001660789,0.00010,-0.019,0.122,0.122,0.01042677,0.011349306,0.026548673,0.074918567,0.163614164,0.037386564,0.025603272,1
01/03/2017,0.040548542,-0.002660995,0.00223,0.005,0.119,0.127,-0.005538109,0.017456359,0.089439655,0.003030303,0.024134313,-0.001247985,-0.0007376,1
01/04/2017,0.037287875,0.003268509,0.00168,0.023,0.151,0.128,0.011855438,-0.022058824,-0.053412463,-0.054380665,0.011270492,-0.001652498,0.007775605,1
01/05/2017,0.011483703,-0.001474232,0.00359,0.013,0.19,0.171,-0.016599437,0.016290727,-0.017763845,0.104366347,0.00810537,0.018484004,0.004081344,1
01/06/2017,0.038423965,-0.000982779,-0.00061,0.04,0.182,0.164,0.003460459,-0.003699137,0.004255319,-0.012536162,-0.001005025,-0.018679878,0.008662822,1
01/07/2017,0.038612173,-0.000841335,0.00004,0.022,0.183,0.144,0.006031609,-0.001237624,-0.027542373,-0.025390625,0.012072435,0.00987968,0.005704025,1
01/08/2017,0.013546934,0.000523923,0.00096,0.039,0.19,0.138,0.011062166,0.009913259,0.079520697,0.001002004,-0.008946322,-0.006078732,0.018537231,1
01/09/2017,-0.042839267,0.004785008,0.00002,0.02,0.177,0.114,0.002706952,-0.001226994,-0.05247225,0.03003003,0.020060181,0.008557253,-0.005178741,1
01/10/2017,-0.027930537,0.001649948,0.00013,0.005,0.187,0.126,0.003018888,0.003685504,0.026624068,-0.021379981,-0.002949853,-0.013251348,0.007580613,1
01/11/2017,-0.000943082,0.004049089,0.00032,0.01,0.178,0.125,0.004718277,0.00244798,-0.001037344,-0.013902681,0.016765286,0.004966165,0.005723211,1
01/12/2017,-0.002967447,0.003125387,-0.00032,-0.008,0.172,0.097,0.001995061,0.013431013,0.087227414,0.014098691,-0.05528613,0.028252683,0.006269787,1
01/01/2018,0.051820316,0.000359733,-0.00120,0.02,0.174,0.173,0.004361588,-0.015662651,-0.040114613,-0.001986097,0.028747433,-0.023833704,0.01312983,1
01/02/2018,-0.008597617,0.002675771,0.00058,0.01,0.189,0.158,-0.005610198,0.00244798,-0.074626866,-0.080597015,-0.017964072,-0.023182955,-0.008137128,1
01/03/2018,-0.035140166,0.00112654,-0.00078,0.012,0.163,0.155,0.002145215,0.008547009,0.032258065,0.088744589,-0.008130081,0.026692679,0.01127318,1.1
01/04/2018,-0.018615111,0.001639051,0.00044,0.004,0.158,0.213,0.012957621,0.004842615,-0.027083333,-0.058648111,0.021516393,-0.022639266,0.00416361,1
01/05/2018,-0.019497449,0.004519168,-0.00143,0.015,0.201,0.23,0.011909675,0.018072289,0.002141328,0.009503696,0.005015045,0.030228805,0.006129824,1
01/06/2018,-0.021096055,0.006131465,-0.00101,0.028,0.2,0.208,0.014123067,-0.001183432,0.082264957,0.046025105,-0.002994012,0.016155365,0.004946134,1
01/07/2018,-0.004643467,0.00416246,0.00227,-0.004,0.207,0.18,-0.015318329,-0.009478673,-0.027640671,-0.001,0.006006006,-0.020194387,0.013317704,1
01/08/2018,0.00841754,0.002336098,-0.00082,-0.001,0.172,0.22,0.000190399,0.009569378,-0.062944162,-0.03003003,-0.006965174,0.000510709,-0.005302467,1.07
01/09/2018,-0.01209744,0.004231525,0.00128,-0.018,0.177,0.163,0.001418679,-0.009478673,0.054171181,0.058823529,0.003006012,-0.008942489,-0.000414404,1
01/10/2018,-0.027257186,0.001410851,0.00372,-0.017,0.188,0.106,0.010276503,0.016746411,0.023638232,0.064327485,0.011988012,-0.003823438,-0.008691138,1
01/11/2018,-0.029963278,-0.001885668,-0.00041,-0.014,0.201,0.136,-0.004404114,0.010588235,-0.035140562,-0.070512821,0,0.016131653,0.002177307,1
01/12/2018,0.002274536,-0.003141485,0.00065,-0.006,0.203,0.101,-0.007187024,-0.010477299,-0.016649324,-0.026600985,0.006910168,-0.014535048,-0.000902033,1
01/01/2019,-0.033459612,0.00047192,-0.00130,0.002,0.145,0.13,-0.008579869,0.017647059,0.046560847,0.063765182,-0.010784314,0.016048821,-0.002164542,1
01/02/2019,0.010323855,0.002349716,0.00058,-0.019,0.142,0.146,0.020061212,-0.01734104,0.055611729,0.010466223,0.042616452,0.023853694,0.006599182,1
01/03/2019,0.006347936,0.004927014,-0.00146,-0.042,0.155,0.117,0.012539629,0.02,-0.067049808,-0.059322034,0.010456274,-0.008349451,-0.003412257,0.986
01/04/2019,-0.011050859,0.004362443,0.00305,-0.013,0.19,0.174,0.010220414,0.00461361,0.018480493,0.003003003,-0.016933208,-0.024142899,0.006587787,1
01/05/2019,-0.009623033,0.002273787,0.00005,0.005,0.193,0.143,-0.002327545,0.016073479,0.001008065,0.011976048,-0.005741627,0.018034622,0.010739122,1
01/06/2019,0.01405847,0.001606105,-0.00346,-0.005,0.222,0.138,-0.004712788,-0.002259887,-0.043303122,-0.048323471,-0.006737247,-0.025581904,0.00492252,0.989
01/07/2019,0.002963045,0.006974646,0.00666,0.013,0.232,0.148,0.002520952,0.022650057,0.062105263,0.058031088,0.000968992,0.002155723,-0.010251396,1
01/08/2019,-0.006194638,0.00154152,-0.00242,-0.007,0.204,0.15,0.002881336,-0.009966777,-0.03468781,0.005876592,0.009680542,-0.000164717,0.10970531,1
01/09/2019,-0.004021346,-0.004283049,-0.00354,-0.018,0.231,0.135,0.002973573,-0.010067114,0.013347023,-0.016553067,0,-0.000169401,-0.117887004,1
01/10/2019,-0.023083902,0.000985357,0.00197,-0.02,0.205,0.137,-0.003454256,0.004519774,0.017223911,0.038613861,-0.001917546,0.01102965,-0.015510055,1.04
01/11/2019,-0.015291951,0.004428455,-0.00148,-0.036,0.194,0.126,0.001572066,0.013498313,-0.024900398,0.014299333,-0.000960615,0.002683413,-0.011575135,1
01/12/2019,-0.002640495,0.005849229,0.00057,-0.027,0.197,0.131,-0.000346049,0.02663707,0.012257406,-0.113721805,-0.014423077,-0.024948726,0.008795176,1
01/01/2020,0.046606134,0.003158029,-0.01463,-0.021,0.186,0.126,-0.001297087,0.092972973,0.01715439,0.146341463,0.00195122,0.019156025,-0.016620847,1
01/02/2020,-0.030943169,-0.000879411,-0.00130,-0.033,0.176,0.091,-0.006167684,0.002967359,0.008928571,-0.024976873,-0.049659202,0.008809681,-0.020762026,0.991
01/03/2020,-0.180308402,-0.003073963,-0.02512,-0.044,0.11,0.086,-0.016084989,-0.162721893,-0.061946903,-0.123339658,-0.06147541,-0.06155469,-0.282379295,0.96
01/04/2020,-0.039236728,-0.006613109,-0.00520,-0.246,-0.211,-0.335,-0.018940148,-0.058892815,-0.171907757,-0.061688312,-0.019650655,-0.118956723,-0.455349045,0.549
01/05/2020,0.021417361,-0.000382311,-0.00687,-0.17,-0.162,-0.369,-0.011394508,0.018773467,0.055696203,-0.003460208,0.045657016,0.029930188,-0.090577516,0.625
01/06/2020,0.019196273,0.001276419,0.00277,-0.096,-0.1,-0.299,0.016698617,0.034398034,0.056354916,0.034722222,0.033013845,0.061463216,-0.643205088,0.73
01/07/2020,-0.033660609,0.002252074,0.00201,-0.101,-0.012,-0.231,0.011940667,0.021377672,0.029511918,0.048098434,0.017525773,0.02292844,-0.167814033,0.759
01/08/2020,-0.020401172,0.004142425,0.00445,-0.118,0,-0.19,-0.008988836,0.051162791,0.050716648,-0.051227321,0.01621074,0.002236241,2,0.787
01/09/2020,-0.011361992,-0.004720236,0.00645,-0.084,0.047,-0.177,0.002321439,0.037610619,0.044071354,0.104611924,-0.002991027,0.030724986,0.186728093,0.85
01/10/2020,-0.008912475,0.001136075,0.00865,-0.085,0.086,-0.132,0.00256898,0.015991471,-0.019095477,-0.025458248,0.007,0.013180644,0.591269822,0.855
01/11/2020,0.000486866,0.001181718,-0.00514,-0.096,-0.008,-0.148,0.00208471,0.006295908,0.022540984,0.012539185,-0.010923535,-0.013778313,0.019368184,0.837
01/12/2020,0.030958977,0.003218202,-0.00167,-0.085,-0.058,-0.222,0.019442244,-0.01459854,-0.077154309,-0.010319917,-0.032128514,-0.009496766,-0.041487807,0.808
01/01/2021,0.077095868,0.000315924,-0.03090,-0.053,-0.025,-0.183,0.015297543,0.001058201,0.070575461,0.032325339,0.034232365,0.021292683,0.032025756,0.843
01/02/2021,0.052199757,0.003658249,0.00330,-0.066,0,-0.113,0.018696206,0.036997886,0.014198783,0.034343434,0.003009027,0.009896881,0.02695576,0.862
01/03/2021,-0.005782916,0.001798953,0.00153,-0.044,0.042,-0.078,0.0211512,-0.009174312,0.065,0.001953125,0.003,0.027734225,0.005863307,0.928
01/04/2021,0.036756654,0.004584961,0.00085,-0.036,0.027,-0.074,0.008354469,0.014403292,-0.073239437,0.049707602,0.011964108,0.009037573,-0.010333019,0.932
01/05/2021,0.02281495,0.003831458,-0.00155,-0.005,0.155,0.03,0.017938551,0.011156187,0.027355623,-0.095636026,-0.024630542,-0.011250529,0.019567603,0.952
01/06/2021,0.041380304,0.002018522,0.00288,-0.032,0.182,0.084,0.014681728,0.023069208,-0.029585799,0.015400411,0.028282828,0.005784914,-0.000179864,0.993
01/07/2021,0.02876104,0.001526224,-0.00205,-0.022,0.191,0.117,0.014517629,0.003921569,-0.021341463,-0.029322548,-0.00589391,0.009048944,0.030053342,1.02
01/08/2021,0.024163629,0.006525701,0.00192,-0.036,0.189,0.089,0.026754884,-0.014648438,0.04569055,0.017708333,0.000988142,0.012742611,0.016951498,1
01/09/2021,-0.017745104,0.009592331,0.00124,-0.041,0.175,0.089,0.019534306,0.003964321,-0.032770606,0.018423746,0.005923001,0.02726964,0.025141798,1
01/10/2021,0.016193459,0.012744828,-0.00097,-0.049,0.121,0.06,0.03921976,0.006910168,-0.002053388,-0.032160804,-0.012757605,0.013194767,0.057609442,0.981
01/11/2021,0.059667513,0.011077278,-0.00029,-0.047,0.023,0.003,0.056481697,-0.009803922,0.047325103,0.013499481,0.00695825,0.021384756,0.018617753,0.952
01/12/2021,0.027247919,0.006596961,0.00304,-0.037,0.069,0.036,0.016579542,0.016831683,0.011787819,0.076844262,0.013820336,0.000451756,0.025335378,1
01/01/2022,0.013283259,0.010705397,0.00125,-0.019,0.119,0.055,0.029717043,0.008568647,0.100970874,0.012369172,-0.00292113,0.037883485,0.013832381,1
01/02/2022,-0.022275166,0.010036843,-0.00095,-0.018,0.139,0.077,0.016872433,-0.003861749,-0.048500882,0.033834586,0.0078125,-0.008957522,0.028754106,1
01/03/2022,-0.044998361,0.020480243,-0.00251,-0.054,0.106,0.059,0.051766832,0.023938748,0.026876738,0.017272727,-0.015503876,0.059193349,0.252727646,0.949
01/04/2022,0.063866898,0.019492336,-0.00164,-0.029,0.146,0.044,0.037287397,-0.018078561,-0.022563177,0.012511171,0.001968504,-0.011323879,0.004674303,0.953
01/05/2022,-0.032133362,0.015893695,0.00046,-0.024,0.156,0.107,0.003235556,0.010410642,0.041551247,0.067078553,0.00589391,0.00953631,0.031388887,0.945
01/06/2022,0.009383831,0.013807021,0.00143,0.006,0.222,0.099,0.037559929,-0.014024041,0.070921986,-0.045492142,-0.004882813,-0.012596118,-0.010401485,0.983
01/07/2022,-0.013588604,0.003515809,0.00016,-0.004,0.188,0.125,0.020043748,0.00135462,-0.045529801,-0.064124783,0.002944063,0.009769162,-0.005609683,0.992
01/08/2022,0.007194095,0.007277263,-0.00089,-0.023,0.132,0.1,0.080332281,0.011691951,-0.073720729,0.001851852,-0.01369863,-0.005706765,0.038268915,0.986
01/09/2022,-0.013652615,0.014186022,-0.00026,-0.029,0.16,0.113,0.062985626,0.005539637,0.096441948,-0.025878004,0.006944444,-0.015160376,0.011439731,0.983
01/10/2022,-0.034576302,0.005834957,0.00079,-0.03,0.112,0.108,-0.056985631,-0.012917933,-0.066609735,0.036053131,0.013793103,-0.033971408,0.009564067,0.99
01/11/2022,0.022577013,0.006424659,0.00127,-0.018,0.144,0.133,-0.093858576,0.018475751,-0.027447392,0.038461538,0.001943635,0.020773645,0.006907781,1
01/12/2022,0.012809334,0.007132156,-0.00063,-0.015,0.162,0.103,0.033307854,0.004913076,0.00752587,-0.077601411,-0.029097963,-0.018814308,0.017310871,1
01/01/2023,0.017821855,0.010332197,0.01322,-0.02,0.15,0.126,-0.022104226,0.024727341,0.046685341,0.087954111,0.000999001,-0.007636009,0.010883288,1
01/02/2023,0.001285658,0.005338296,0.00033,-0.007,0.141,0.138,-0.051484361,-0.013579227,-0.005352364,-0.043057996,-0.001996008,-0.009438328,-0.009732605,1
01/03/2023,0.003438559,0.005104446,-0.00108,-0.011,0.14,0.149,-0.013559937,0.004929774,-0.060986547,-0.021120294,0.011,-0.013718211,0.023164988,1.04
01/04/2023,-0.007844347,0.004406953,-0.00250,-0.019,0.156,0.135,-0.01991358,-0.059052203,-0.039159503,-0.011257036,-0.007912957,-0.03781314,0.019996894,1
01/05/2023,0.044388044,-0.000198694,0.00150,0.01,0.18,0.156,-0.031453111,0.070824316,0.047713718,0.032258065,-0.000997009,0.017671116,-0.006567041,1
01/06/2023,0.063680901,0.003051739,-0.00114,-0.008,0.149,0.182,-0.009449373,-0.004041889,-0.04459203,-0.029411765,-0.001996008,0.000645236,0.021888077,1
01/07/2023,-0.005919468,0.007009135,-0.00097,0.008,0.169,0.183,-0.009579629,-0.009038923,0.013902681,-0.007575758,0.004,-0.018498622,0.012274183,1
01/08/2023,0.065881059,0.003613567,0.00036,-0.019,0.166,0.161,-0.001794078,-0.002419955,0.045053869,0.019083969,-0.002988048,0.013990292,-0.007164982,1
01/09/2023,0.040075892,0.003687996,-0.00003,-0.005,0.166,0.159,0.012756644,-0.000559806,-0.034676664,0.026217228,0.011988012,-0.021235655,0.001304203,1.05
01/10/2023,0.00070064,0.001543514,0.00074,-0.004,0.111,0.129,-0.004267374,0.013816281,-0.006796117,-0.019160584,-0.010858835,0.017805141,0.00046198,1
01/11/2023,-0.004042724,0.002490464,0.00200,-0.024,0.128,0.133,0.004987757,0.003867403,0.009775171,-0.026976744,-0.00499002,-0.043624038,0.007712803,1
01/12/2023,0.003955697,0.002548256,0.00068,-0.018,0.101,0.123,-0.004195654,-0.005962209,0.034849952,0.078393881,0.004012036,0.040840048,-0.001768575,1.07
01/01/2024,0.034722218,-0.000592401,0.00688,-0.013,0.091,0.143,-0.01913433,0.004336994,-0.072029935,-0.078014184,0.004995005,-0.036764162,0.008465648,1
01/02/2024,0.009957968,0.001538,-0.00135,-0.004,0.076,0.107,0.001046641,0.015711136,0.01108871,0.020192308,0.00695825,0.003769251,0.01167942,1
01/03/2024,0.029901586,0.001990748,-0.00127,-0.006,0.082,0.124,-0.006001341,-0.011397558,0.024925224,0.079170594,0.006910168,-0.009905097,-0.002633243,1
01/04/2024,0.002504836,-0.00226713,0.00091,-0.008,0.105,0.132,0.000915592,0.018665935,0.052529183,-0.022707424,0.008823529,0.031999876,-0.001861059,1
01/05/2024,0.048457435,0.002590966,-0.00083,-0.03,0.173,0.162,0.023695571,-0.007904428,-0.082255083,-0.059874888,0.008746356,-0.024626798,0.008806475,1
01/06/2024,0.008102233,0.003899292,0.00034,-0.028,0.147,0.162,-0.001015023,0.014395654,0.025176234,0.040874525,-0.006743738,0.000192976,0.002426389,1
01/07/2024,0.00622004,0.006262273,0.00057,0,0.166,0.167,0.006578246,0.016244199,0.010805501,0.010045662,0.004849661,0.006430703,-0.000673837,1
01/08/2024,0.003573239,-0.00016047,0.00183,-0.029,0.105,0.141,-0.000559935,-0.001668716,-0.001943635,-0.036166365,0.014478764,0.008929863,0.00159897,1
01/09/2024,-0.000730511,-0.004639112,0.00178,-0.062,0.174,0.143,-0.009921901,0.007653734,-0.00097371,-0.056285178,-0.009514748,0.013115584,-0.000129328,1
01/10/2024,-0.011850346,0.005971035,0.00051,-0.065,0.113,0.126,-0.008461188,0.006460625,0.033138402,0.015904573,0.016330451,-0.008584763,0.002321501,1.07
01/11/2024,0.000985661,0.003089141,0.00073,-0.009,0.099,0.086,0.029039033,0.015440666,-0.011320755,-0.021526419,0.016068053,-0.00363393,-0.006111429,1
01/12/2024,0.016394309,0.002600055,0.00137,-0.02,0.117,0.099,0.037664529,0.004698445,-0.025763359,0.013,-0.012093023,-0.021649017,0.006964452,1
01/01/2025,0.02863356,0.016378779,,-0.008,0.128,0.085,0.048449827,0.000765241,,,0.015065913,-0.020340919,-0.007409454,1
01/02/2025,0.005967183,0.002966884,,-0.014,0.14,0.079,,,,,,,,1.05
