date,fdiBalBG,bnbBalBG,sofixBG,hicpBG,empBG,survIndustryBG,survRetailBG,survServiceBG,ppiBG,retailBG,importsBG,exportsBG,constBG,ipBG,arrivalsBG,survConsBG
01/01/2005,,12327546000,659.1547619,67.96343193,2236365.547,2.1,10.7,23.9,64.75763451,57.17566016,46.5098562,55.23061825,68.78521524,87.75914016,,112.5
01/02/2005,,12784763000,775.3975,68.47987409,2236808.403,0.7,7.8,10.5,65.24702049,56.34902411,46.8526807,51.46221786,68.24430922,88.13501922,,106.2
01/03/2005,,13197599000,865.8190909,68.89369545,2237385.799,-4.4,8.7,9.6,66.18955375,57.17566016,46.39558137,56.87929342,70.40793329,91.00887604,,106.4
01/04/2005,,13506590000,806.8085714,69.69156492,2255034.302,2.5,12.5,18.8,66.68505175,58.69115959,48.3382535,55.11285574,73.11246338,90.19576133,,108.3
01/05/2005,,14075390000,801.3894737,69.98512565,2255818.984,2.1,14.8,16.3,66.14351699,58.41561424,50.28092563,57.11481845,74.01397341,92.16897639,,108.6
01/06/2005,,14577142000,749.3604545,70.72153358,2263701.883,2,14.1,22.3,66.86175608,59.24225029,50.28092563,58.64573111,76.17759748,92.89368739,,112.6
01/07/2005,,13582423000,753.2157143,71.05373534,2292597.891,4.5,16.2,13.1,67.57783248,59.51779564,50.62375012,58.88125613,78.70182556,94.06628464,,110
01/08/2005,,13912322000,816.5456522,71.612274,2295562.863,2.3,14.3,1.5,67.7799072,60.34443169,49.25245215,56.40824338,80.50484562,91.8253668,,101.2
01/09/2005,,14275171000,859.952381,72.15050459,2311369.452,4.3,13,12.1,69.03756484,60.48220436,48.3382535,54.28851816,80.50484562,93.55859255,,107.1
01/10/2005,,14259332000,859.5,72.66315223,2294900.041,3.9,8.8,7.7,69.98591064,61.17106774,51.53794877,63.59175662,83.93058373,96.9886879,,102.9
01/11/2005,,14798736000,840.8654545,72.85195791,2308762.43,4.9,7.5,11.8,70.8800534,61.99770379,51.76649843,60.52993131,85.91390579,95.44776398,,107.2
01/12/2005,,14415049000,815.9336364,73.08510476,2319414.14,3.5,10.4,12.7,72.11277527,62.82433984,53.82344539,65.82924436,85.10254677,97.6789433,,109
01/01/2006,,13469985000,847.2877273,73.2567952,2283658.603,-1.7,6.2,8.3,72.43682121,61.30884041,50.05237596,63.47399411,76.26774848,95.33145641,,104.7
01/02/2006,,13415618000,873.0955,75.06835478,2289262.098,-2.5,8.9,8.7,73.87565287,62.68656716,50.85229978,64.2983317,82.84877169,94.20404837,,98.3
01/03/2006,,13722985000,874.7921739,75.36233912,2293124.932,-2.2,10.2,13.6,73.45451281,62.68656716,53.25207123,62.76741904,85.10254677,94.60925143,,102.2
01/04/2006,,14344268000,877.273,75.83512855,2324717.535,-1.1,10.1,18.4,74.60812957,63.92652124,52.79497191,68.89106968,91.32296597,97.20742915,,106.3
01/05/2006,,15242532000,879.1,76.28752183,2338018.964,-3,11.8,33.1,77.10824667,65.85533869,55.88039234,62.64965653,96.82217715,98.79138716,,111
01/06/2006,,15401997000,880.4836364,76.43414995,2345329.425,-2,13.3,32.6,77.76998292,66.68197474,56.10894201,64.06280667,97.09263016,99.28061947,,111.4
01/07/2006,,16277720000,902.6857143,76.40065991,2354649.401,8.5,23.6,33,77.69071832,67.64638347,56.4517665,61.11874387,100.7888213,97.93313193,,117.6
01/08/2006,,15913922000,942.4965217,76.39601941,2352538.67,9,21.1,27.3,77.97461018,69.02411022,57.70878964,63.12070658,100.4282173,101.1229125,,115.5
01/09/2006,,16520265000,945.3605,75.87546063,2358342.679,9.4,24.3,27.1,77.86606963,70.12629162,57.02314065,64.76938175,107.7304485,100.6263703,,114
01/10/2006,,16923487000,1044.415909,76.39071115,2369036.869,7.5,24.1,25.4,77.83330296,70.81515499,59.53718693,61.94308145,98.71534821,100.1033022,,115.6
01/11/2006,,17556266000,1109.468636,77.09552139,2375762.094,6.1,26,26,78.59048573,72.33065442,58.96581278,62.88518155,102.5016903,100.5585726,,116.5
01/12/2006,,17458569000,1195.600526,77.69334688,2380957.033,7.2,25.4,25.8,78.70354146,73.0195178,69.47909723,66.88910697,111.5167906,102.4619445,,118.7
01/01/2007,,16776140000,1360.158095,78.34730606,2389247.531,6.7,26.1,27.8,78.37988959,74.94833525,75.99276259,60.64769382,114.5819247,100.9786502,,120.2
01/02/2007,,16692947000,1323.8195,78.6719282,2396463.429,6.3,23.1,27.1,77.88910645,76.326062,72.45024283,63.59175662,116.7455488,107.0177775,,119.8
01/03/2007,,17564730000,1273.882273,78.87345533,2404888.461,7.2,21.3,27.4,78.49879496,77.84156142,75.53566327,68.1844946,117.1963038,107.3698826,,119.1
01/04/2007,,17928209000,1279.95,79.28805348,2399487.279,6.8,18,31.6,79.65652458,78.11710677,71.07894486,67.00686948,118.3682668,107.0722824,,122.1
01/05/2007,,17595793000,1284.938571,79.73093559,2403252.531,9.6,21.5,28.4,80.79518323,79.6326062,72.45024283,68.30225711,119.2697769,106.7430338,,118.9
01/06/2007,,18711632000,1363.812381,80.34606825,2409591.903,7.4,20.7,33.1,81.55141555,79.6326062,74.62146462,69.36211973,124.9492901,107.3731336,,120.8
01/07/2007,,19274734000,1515.368636,81.46308033,2403742.63,8.3,18.2,28.8,82.80175773,80.1836969,76.22131226,66.88910697,124.9492901,108.7165078,,117.5
01/08/2007,,20196406000,1576.068261,83.27074276,2411575.336,9.1,20.4,25.6,83.76375957,81.14810563,76.67841158,65.12266928,127.3833671,108.7200322,,114.2
01/09/2007,,22893664000,1701.486842,84.13234063,2416233.861,7.1,24.3,24.6,84.0314329,81.69919633,82.04932864,69.59764475,121.974307,109.1286932,,115.3
01/10/2007,,23120275000,1918.414348,84.43712398,2393326.86,8.1,18.3,20.1,85.62690953,82.3880597,77.02123607,68.89106968,124.228082,109.3527454,,115
01/11/2007,,23533824000,1757.510455,85.87098329,2414641.388,6.8,21.5,20.4,88.33165703,83.21469575,81.24940482,70.42198234,128.9159342,109.6042786,,114.9
01/12/2007,,23346050000,1729.234706,86.73828092,2428371.089,6.2,25.5,17.9,86.67140133,84.86796785,82.04932864,72.54170756,131.8909173,111.9949202,,114.8
01/01/2008,,22843396000,1526.035,87.64211217,2494359.618,8.1,22.4,14.5,87.73873407,85.41905855,95.87658318,72.18842002,132.8825783,108.746475,718272.6733,116.7
01/02/2008,,22797557000,1416.22619,88.44967121,2502388.92,7,24,17.7,88.68951129,87.21010333,98.39062946,73.9548577,137.9310345,109.7191361,717745.1728,115.7
01/03/2008,,23693960000,1295.58,89.475693,2501929.52,4.6,18.2,19.4,90.33236671,87.62342135,94.61956004,77.01668302,136.4886184,110.4399652,715871.0129,114.3
01/04/2008,,25302137000,1174.468095,90.01719116,2490732.439,8.2,22.1,27.5,90.06521322,88.72560276,103.3044472,77.13444553,138.3817895,112.5082298,714626.535,116.7
01/05/2008,,25061765000,1206.375,90.93255582,2489036.943,10.4,18.2,29.6,90.64346199,87.8989667,101.0189506,73.9548577,139.8242055,114.0665409,713013.6282,119.1
01/06/2008,,25883631000,1192.344762,92.02684984,2487336.972,9.3,21.1,29.3,91.40673436,88.03673938,108.3325398,73.01275761,137.4802795,111.4423942,722958.5602,118.6
01/07/2008,,26683569000,1061.787826,93.04726685,2576873.882,9.5,17.4,23.2,93.26373546,87.62342135,101.3617751,73.13052012,139.0128465,110.7494358,705740.8931,117.3
01/08/2008,,28119197000,1021.34381,92.99780503,2572182.032,6.5,16.5,25.3,93.5688335,86.93455798,98.27635463,74.54367026,139.1931485,107.6784366,720889.7337,118.7
01/09/2008,,28793812000,916.2495238,93.67766952,2568119.794,9.1,16.5,25.5,93.31991407,86.65901263,93.70536139,71.12855741,137.2999775,108.9872734,694422.756,121.2
01/10/2008,,27757873000,617.0734783,93.81019352,2569104.349,6.4,20.9,25.6,93.64913215,86.7967853,97.47643082,71.83513248,139.4636015,105.2076798,695886.7562,116.1
01/11/2008,,28008918000,400.466,93.44618143,2557668.581,-0.1,22,20.4,91.23854693,86.65901263,86.39177221,68.06673209,136.6689204,102.8442934,691425.8592,108.8
01/12/2008,,24864756000,362.5015789,92.98327067,2541422.76,-8.2,1.4,-0.2,85.85604492,86.38346728,74.73573945,67.2423945,135.4068064,100.345554,688855.7026,92.9
01/01/2009,,23709717000,326.657619,93.05135074,2537546.123,-7.3,2.1,-2.8,85.52752579,85.41905855,74.62146462,58.29244357,132.8825783,89.13097397,674696.4945,92.5
01/02/2009,,23495526000,267.64,93.30160901,2524839.258,-6.8,-3.5,-5.4,84.72863104,83.90355913,78.62108371,62.76741904,130.2681992,92.70246479,675187.5981,90.6
01/03/2009,,23111023000,273.955,93.14309276,2497829.798,-8.9,-15.1,-2.8,84.05468804,82.66360505,76.90696124,60.64769382,128.3750282,89.14714357,677303.771,88.9
01/04/2009,,23062887000,323.5242105,93.53273882,2519894.28,-7,-11.4,-3.7,83.5230319,82.3880597,71.42176936,55.7016683,126.3015551,88.26049193,664191.1979,85.4
01/05/2009,,23044515000,374.4773684,93.65551275,2500842.749,-9,-12.9,2,83.7456484,80.59701493,74.96428912,62.53189401,121.5235519,88.74634708,662347.2233,86.9
01/06/2009,,23265337000,364.9431818,94.32796341,2484277.41,-13.5,-12.8,-0.7,84.24506773,80.04592423,70.27902105,61.00098135,119.8106829,88.27348694,652504.4795,86.2
01/07/2009,,22905245000,350.8347826,93.90114267,2467779.345,-9.7,-13.5,-0.1,83.18970754,79.90815155,68.79344824,59.70559372,117.0160018,88.16144868,657331.3865,88.4
01/08/2009,,23721817000,431.5719048,94.08213534,2447876.73,-11.2,-11.6,-1.2,83.38642208,79.0815155,73.93581564,61.35426889,113.0493577,89.11425645,630672.8747,87.7
01/09/2009,,24238050000,480.8928571,93.84771004,2432326.683,-9.9,2,-0.6,84.89466738,79.49483352,71.87886868,64.41609421,109.3531666,85.80853908,665100.163,90.5
01/10/2009,,24774906000,471.9563636,94.06110544,2464668.409,-7.8,1.3,-6,84.77410538,79.49483352,73.93581564,70.42198234,106.1978815,89.22494097,664280.1464,89.1
01/11/2009,,25269601000,453.06,94.28661192,2439824.955,-11.5,3.3,-2.1,85.80941739,78.66819747,70.39329588,67.00686948,102.5918413,89.85424821,662956.6532,88.1
01/12/2009,,25267131000,431.8552632,94.48447172,2435758.606,-11,1.3,-9.3,87.05713859,76.8771527,70.39329588,63.00294406,102.2312373,87.39434672,667465.5834,88.2
01/01/2010,237600000,24509909000,432.2095,94.81834593,2407175.456,-9.3,1,-9,88.06494531,74.1216992,67.30787544,62.53189401,104.7554654,88.12876855,678359.8732,85.4
01/02/2010,97800000,23806106000,434.237,94.93169979,2393358.399,-10.7,1.2,-5.1,88.15831149,74.25947187,66.73650129,66.53581943,99.07595222,83.78608466,678313.8822,85.3
01/03/2010,-213700000,23937327000,421.2218182,95.41242451,2386397.761,-9.8,-3.7,-3.8,88.77142444,73.15729047,72.56451766,66.30029441,104.2145594,89.13766518,673379.4148,87.7
01/04/2010,349600000,23529353000,422.0095,96.39535246,2384324.463,-9.3,-1.1,0.2,90.77231612,72.88174512,74.50718979,69.24435721,103.8539554,88.28112787,689866.9895,89.7
01/05/2010,56200000,23884380000,394.3331579,96.54103764,2373389.126,-6.9,-1,-2.8,92.38745887,73.0195178,77.59261023,72.54170756,102.4115393,89.17301073,690480.4544,87.9
01/06/2010,233900000,23772971000,373.3636364,96.58833758,2370917.558,-6.5,1.1,-8.6,92.23713103,73.70838117,74.85001428,77.95878312,100.8789723,92.11084308,683540.4188,85.5
01/07/2010,122500000,24152258000,363.1613636,96.83528289,2374832.572,-6.3,0.7,-9.1,92.26306076,74.39724455,73.93581564,80.90284593,99.34640523,90.3978072,700699.9821,85.3
01/08/2010,-1200000,24398030000,388.3540909,97.02579556,2366752.443,-5.3,6.3,-2.2,93.04334072,74.1216992,76.56413675,81.25613346,99.07595222,92.40935754,718162.5574,90.4
01/09/2010,-414000000,24964540000,391.4445,97.24583397,2351575.061,-5.1,3,-1.1,93.05623047,74.53501722,75.76421293,79.13640824,98.98580122,93.60128128,703532.9091,89.2
01/10/2010,110200000,24496504000,362.8590476,97.46330446,2370140.131,-5.6,4,4.1,93.65710964,74.94833525,78.9639082,77.48773307,98.4448952,93.51319856,704282.2984,92.8
01/11/2010,340400000,24833874000,350.0190909,98.04245145,2367856.498,-6.2,5.9,0.9,95.46885809,74.94833525,85.5918484,76.781158,99.43655623,93.15322345,713329.0175,94
01/12/2010,250400000,25380134000,361.3880952,98.62618682,2365182.504,-4.9,1,2.2,97.6231491,74.39724455,80.449481,82.78704612,89.1593419,92.05955817,710184.2492,96.4
01/01/2011,244200000,23907533000,377.8014286,98.92227881,2375704.203,-4.5,2.1,0.5,98.71546303,74.94833525,87.99161985,93.03238469,88.16768087,95.88386396,714042.1107,93.7
01/02/2011,112700000,24113986000,433.6495,99.32623213,2377487.612,-3.3,2.1,2.7,100.2689256,75.49942595,78.84963337,85.26005888,87.62677485,97.8858219,719195.3665,92.4
01/03/2011,-347000000,23878367000,439.09,99.83471253,2372614.74,-3.5,12.2,-6.1,100.9285703,74.6727899,79.99238168,83.4936212,86.0942078,96.48243368,717837.7641,86.7
01/04/2011,195900000,23402336000,443.0710526,99.64055379,2361069.346,-3.2,0.3,3.3,102.4905937,74.1216992,82.16360347,87.14425908,85.37299977,98.1513463,728217.0197,91.1
01/05/2011,20900000,23948339000,438.289,99.88510194,2356549.975,-4.2,3,3.8,100.8335009,74.94833525,81.36367965,90.79489696,86.54496281,96.73096716,725149.3712,90.8
01/06/2011,33200000,24134224000,413.0254545,99.954639,2350731.947,-3.8,0.5,3.6,100.5304305,74.25947187,77.4783354,81.13837095,88.07752986,94.6099366,724707.5648,91.3
01/07/2011,35800000,24448495000,416.5161905,100.100856,2345689.565,-3.5,3.6,4.3,101.5830498,73.43283582,87.30597086,87.73307164,87.53662384,97.20202194,720652.7363,91.2
01/08/2011,68500000,25580085000,384.2730435,99.94803334,2342288.056,-5.4,12.6,0.3,99.91268876,73.70838117,78.04970955,87.14425908,87.35632184,94.20931057,717459.3914,89.1
01/09/2011,141800000,25526263000,361.7605556,100.0663481,2345833.805,-4.3,10.6,1.9,101.5983015,74.53501722,88.33444434,87.02649657,87.53662384,95.80421693,725865.3674,94.4
01/10/2011,313100000,25770096000,339.5061905,100.380985,2324172.454,-3.2,14.1,0.9,100.7131875,74.39724455,85.02047424,89.61727184,87.35632184,96.65086077,728118.8165,96
01/11/2011,161400000,25812983000,327.7186364,100.5498443,2317385.67,-3.5,8.2,-2.6,101.9231557,74.53501722,83.7634511,87.85083415,87.98737886,94.83552514,724363.4956,93.3
01/12/2011,496000000,26107879000,308.7961905,100.5784251,2313787.086,-7.6,9.8,-5.4,101.3870581,75.63719862,83.87772593,91.85475957,87.71692585,92.4239476,729929.3932,87.3
01/01/2012,293500000,25389513000,316.1038095,100.8221526,2302344.497,-7,-7.3,3.7,103.1127936,78.80597015,83.53490144,81.96270854,86.54496281,92.38186656,730623.4844,91.6
01/02/2012,143900000,25013634000,310.6885714,101.3352369,2292452.018,-4.5,-6.6,-4.8,103.3826636,77.84156142,81.13512999,75.8390579,78.52152355,91.29969644,723615.2646,86.3
01/03/2012,161600000,25800530000,310.5668182,101.6074924,2287167.941,-3.3,-1.9,0.8,103.8793001,78.66819747,87.99161985,85.02453386,87.35632184,95.2301894,735238.683,91.7
01/04/2012,340500000,26184931000,303.9282353,101.7173868,2278196.949,-5,3.9,4.8,105.8183002,77.70378875,89.59146748,85.37782139,86.90556682,94.91376751,725458.9673,91
01/05/2012,-182000000,26497493000,302.2271429,101.7583062,2274984.385,-5.3,7.4,9,103.8951968,78.80597015,93.70536139,93.62119725,86.99571783,97.25109416,731817.6084,90.9
01/06/2012,120700000,27119108000,291.5180952,101.5861448,2276073.878,-6.4,3.7,12.6,102.6745399,79.49483352,91.30558994,85.84887144,87.98737886,97.4152309,738299.9019,93.3
01/07/2012,59600000,29265901000,298.5568182,102.4545704,2270496.64,-4.7,9.8,10.1,104.488877,78.5304248,87.87734501,85.14229637,88.79873789,96.30356963,746580.0245,93.6
01/08/2012,225700000,29434120000,318.626087,102.9856423,2267683.899,-7,11.8,10.5,105.8968542,78.80597015,87.0774212,88.67517174,87.98737886,97.43985944,737534.0701,91.7
01/09/2012,-8600000,30328451000,319.8726316,103.6011508,2273423.592,-7.5,13.6,5.3,106.8651271,77.29047072,86.27749738,87.3797841,87.35632184,94.9165093,746981.4855,92.5
01/10/2012,266200000,29521697000,323.7069565,103.4001932,2252577.738,-8.2,8.3,5,107.3508657,77.29047072,85.13474907,82.08047105,89.70024792,92.9458058,745001.2283,90.3
01/11/2012,-103500000,29526040000,328.3736364,103.2687476,2254718.45,-6.8,9.3,3.8,106.5809272,77.70378875,84.10627559,90.91265947,89.70024792,94.4163065,750912.0564,90.3
01/12/2012,3400000,30418045000,332.0233333,103.2774115,2258038.962,-6.7,5.2,0.8,106.1169671,78.11710677,81.24940482,84.55348381,82.57831868,99.09945638,750986.25,92
01/01/2013,113700000,27753123000,367.6713636,103.4299639,2258951.462,-8.1,0.2,-1.2,104.9197133,76.326062,87.19169603,96.21197252,81.94726166,97.74905438,752034.46,88.2
01/02/2013,181700000,27215184000,393.153,103.6312302,2262896.946,-7.5,8.7,3.133333,105.4867563,75.7749713,93.93391106,90.44160942,82.66846969,94.40686021,760824.3083,89.5
01/03/2013,171800000,28344973000,381.7219048,103.3431977,2264072.246,-6.4,3.6,6.9,104.3096383,78.5304248,86.39177221,92.20804711,81.94726166,92.92359805,757224.0652,94.2
01/04/2013,2500000,29061619000,387.5652381,102.7139334,2259506.752,-7.9,4.4,0.6,103.7964312,81.14810563,91.53413961,98.56722277,83.38967771,91.55725779,759945.2015,89.4
01/05/2013,106500000,29027661000,414.095,102.8573184,2262191.206,-11.2,10.9,5.4,102.8350697,80.59701493,87.19169603,88.08635918,85.10254677,91.83099318,758331.439,90.1
01/06/2013,168400000,28536286000,439.663,102.869728,2260963.061,-8.7,10.8,1.3,102.683333,80.7347876,93.59108656,89.38174681,82.21771467,93.93460001,767505.6605,89.3
01/07/2013,278800000,29216752000,445.2663636,102.4237163,2257262.585,-8.8,11.8,4.7,102.5741454,82.25028703,91.99123893,95.9764475,83.1192247,95.53042509,769436.7923,90.7
01/08/2013,205700000,29093616000,448.8259091,102.1684813,2253948.085,-9.6,16.7,6.6,102.6343263,82.80137773,87.53452052,102.1000981,86.0942078,96.9471094,775184.1212,92.5
01/09/2013,-6800000,29215035000,454.84,102.2331377,2254907.462,-8.6,15.2,8.8,102.3909795,83.07692308,99.19055328,97.97841021,86.81541582,96.88302318,768736.7602,95.8
01/10/2013,129100000,28264948000,455.0147826,102.2556411,2241669.633,-7.9,13.4,5,102.5070961,83.90355913,88.10589468,97.27183513,84.47148975,98.45673793,769785.0033,94
01/11/2013,195700000,27946961000,462.0795238,102.3093117,2246684.238,-9.8,14.8,4.2,102.4303786,84.45464983,94.04818589,101.157998,84.38133874,98.26459218,768819.0464,92.2
01/12/2013,-163500000,28214543000,477.8276471,102.3327754,2244923.74,-9.9,9,6.5,102.8414321,83.4902411,87.87734501,89.85279686,83.47982871,96.85987347,768385.7514,92.5
01/01/2014,-19100000,27127714000,528.9504545,101.9753117,2326306.719,-8.9,6,8.4,102.5172217,86.7967853,93.93391106,88.91069676,87.89722786,98.9979525,770273.1682,93.8
01/02/2014,91200000,26576931000,576.505,101.4830329,2325328.915,-8.3,9,7.2,101.9398858,87.21010333,91.07704028,93.38567223,88.16768087,98.89730979,770083.5777,94.2
01/03/2014,158200000,27303211000,602.0435,101.3952506,2325307.039,-5.2,17.8,9.1,101.2361968,87.347876,88.67726883,85.37782139,87.62677485,96.36815838,772130.2275,98.4
01/04/2014,1300000,27502018000,605.0795,101.3983409,2336716.143,-5.2,15.3,8.4,101.6185747,87.347876,93.59108656,95.15210991,88.43813387,99.29661528,771909.6108,96.9
01/05/2014,264500000,27027442000,596.3311111,101.1148155,2337833.084,-0.9,13.5,13.3,101.8946633,87.62342135,90.50566613,96.9185476,87.89722786,96.10290407,773944.5109,99.3
01/06/2014,-39100000,28012428000,566.6947619,101.0046022,2341347.514,1.9,13,9.5,102.0032391,87.8989667,90.96276545,95.38763494,88.70858688,94.5391636,779538.8247,96.3
01/07/2014,-34100000,29600747000,543.7721739,101.2100894,2364973.708,-1.7,11.3,9,102.1537507,90.10332951,88.90581849,95.26987242,90.15100293,96.11310858,903431.6933,97.3
01/08/2014,66700000,29983874000,544.9261905,101.0511435,2349686.297,-2,8.6,0.9,102.3660682,90.92996556,103.418722,101.5112856,89.42979491,95.74938883,765557.4184,93.6
01/09/2014,-244800000,30440885000,550.1461905,100.7607784,2344795.901,-3.4,8.1,-1.1,102.3429982,91.75660161,100.9046757,100.3336605,90.60175794,97.49678512,784088.1028,90.5
01/10/2014,58400000,30472675000,522.9082609,100.7264038,2350379.537,-0.6,6.1,-1.9,102.8718494,91.61882893,93.47681173,97.62512267,92.76538201,98.27810412,770755.8079,91.9
01/11/2014,121100000,31412836000,522.2895,100.4264612,2350399.408,-2.8,7.1,-1.5,102.1532841,90.92996556,96.10513284,100.922473,92.67523101,98.76352536,778375.2069,94.6
01/12/2014,-76900000,32337969000,529.4189474,100.2898208,2351183.551,-2.7,9.7,1.1,100.9279362,92.99655568,99.53337777,98.9205103,94.11764706,98.21403893,776243.7713,94.7
01/01/2015,370200000,30603055000,501.9225,99.56308771,2351248.486,-2.3,4.366667,7.1,99.39304895,101.2629162,98.27635463,99.98037291,98.62519721,100.3126027,778202.9694,96
01/02/2015,225500000,33601465000,493.555,99.80147543,2350007.833,0.7,10.4,5.5,100.5764643,100.4362801,104.2186458,98.80274779,99.61685824,100.3176624,773659.3347,98.4
01/03/2015,134300000,37089103000,495.6509524,100.351848,2344409.941,-0.6,9.8,3.7,102.0236802,97.40528129,100.1047519,100.8047105,99.25625423,98.70115706,777832.0074,96.6
01/04/2015,289000000,38074763000,505.912,100.5780295,2344403.544,-0.3,9.6,5,101.6604797,97.95637199,98.04780497,104.1020608,99.43655623,100.71612,773485.6551,99.6
01/05/2015,85000000,37904584000,488.4447368,100.845278,2351492.769,1.1,11.8,11,102.2724408,98.36969001,97.59070565,102.4533857,100.5183683,101.4311688,780621.5168,100.7
01/06/2015,114500000,37599172000,485.8690909,100.4074027,2351476.076,0.7,14.2,9.8,101.7968052,98.50746269,96.10513284,101.9823356,99.52670723,99.49376644,759130.881,100.1
01/07/2015,176700000,38399173000,476.7643478,100.0923203,2366969.463,0.9,15,10.6,101.1753197,100.4362801,102.733073,97.74288518,97.09263016,99.51001463,763776.0202,99.9
01/08/2015,304000000,39065386000,467.33,100.071356,2354393.913,0.6,15.3,10,99.38354783,98.92078071,98.04780497,99.15603533,100.9691233,99.99361171,785564.6143,101.8
01/09/2015,243600000,39377676000,449.3605,99.76937858,2353743.7,-1.1,15.5,10.3,98.87798788,100.9873708,94.61956004,94.68105986,99.34640523,98.55177309,776213.0649,99.9
01/10/2015,129300000,39697704000,443.3259091,99.57666282,2359693.197,-0.5,12.2,9.2,98.08131351,101.5384615,102.1616989,98.44946026,104.9357674,100.1043649,800570.5268,101.5
01/11/2015,51200000,40452971000,442.5238095,99.4991966,2355970.875,-0.4,15.5,6.8,97.66848202,101.1251435,105.0185697,98.09617272,100.7888213,100.7597474,802630.1887,101.7
01/12/2015,-124800000,39674774000,440.6225,99.40673102,2352952.805,-1,9.5,6.8,97.09042988,103.053961,103.0758975,103.7487733,99.88731125,100.108011,810928.6831,101.7
01/01/2016,116900000,38271171000,449.4345,99.19562722,2360854.718,-2.2,6.2,9.2,95.96080047,102.3650976,98.96200362,104.5731109,81.13590264,102.1839685,826131.2578,100.6
01/02/2016,221200000,38623240000,446.9928571,98.86120901,2366179.071,-0.6,10.6,8.8,95.20548398,104.293915,101.4760499,99.98037291,81.31620464,100.5759664,832238.0569,100.7
01/03/2016,31500000,41776627000,446.1005263,98.47476885,2370166.668,-0.7,10.3,8,96.34378366,104.5694604,99.07627845,99.98037291,83.38967771,100.4817183,839948.5986,102.2
01/04/2016,199600000,42308239000,438.908,98.09838888,2373735.564,-2.4,16.6,9.8,96.32115583,106.2227325,101.4760499,103.9842983,82.75862069,101.9493732,853202.9535,100.2
01/05/2016,138000000,42536565000,440.7105556,98.26154505,2370088.317,-0.9,21,12.1,96.38343757,104.1561424,100.5618513,103.0421982,81.85711066,99.22092654,864230.5612,99.3
01/06/2016,228600000,43893520000,451.655,98.48671953,2376572.397,1.6,18.8,11.6,97.38580648,106.9115959,100.7904009,107.0461237,82.21771467,103.0797809,883848.6524,102.1
01/07/2016,180100000,45188051000,453.5404762,98.96047318,2380592.868,-0.5,17.6,11.8,96.84586397,105.9471871,103.8758214,108.1059863,83.38967771,102.5892768,890230.6122,103
01/08/2016,176200000,45587150000,463.8717391,98.85129631,2380717.65,-2.5,20.6,9.3,96.8285529,107.0493685,110.1609371,108.6947988,82.30786568,102.2307229,883387.9255,101.2
01/09/2016,-79600000,45949615000,481.445,98.68077919,2385870.357,-1.5,21.2,8.2,97.11931468,107.1871412,99.53337777,110.107949,83.2093757,103.852248,905595.42,102.8
01/10/2016,-88600000,45422409000,511.5266667,98.63952352,2382206.454,-1.8,19.2,8.3,97.52563076,106.7738232,107.6468908,110.578999,84.29118774,103.3128189,910417.3697,104.4
01/11/2016,13800000,45893454000,542.7672727,98.67580242,2388881.06,-0.9,17.6,9.6,97.84983138,108.1515499,103.6472717,110.4612365,86.0040568,104.3927597,917344.8661,107
01/12/2016,-198100000,46741509000,577.1414286,98.97381097,2389395.233,-2.4,13.1,7.7,99.94001157,108.7026406,105.7042186,117.6447498,86.45481181,106.0990634,925342.9084,105.1
01/01/2017,141900000,45233613000,603.2852381,99.56189206,2396470.508,-2.2,9.6,12.2,100.3243574,109.2537313,103.3044472,108.4592738,73.8336714,102.7290672,919761.3014,105.1
01/02/2017,232400000,46645124000,603.7825,99.72724331,2396712.341,-1.9,12.2,12.2,101.3704164,110.4936854,106.0470431,116.5848871,85.91390579,106.569754,943310.1999,105.4
01/03/2017,-50800000,47025892000,628.265,99.46186962,2402067.92,0.5,11.9,12.7,100.8090159,112.4225029,115.5318541,116.9381747,87.98737886,106.4367566,942614.414,105.4
01/04/2017,-27100000,46223360000,651.6916667,99.78696159,2406093.023,2.3,15.1,12.8,102.004151,109.9425947,109.3610132,110.578999,88.97903989,106.2608701,949943.8111,105.4
01/05/2017,17200000,46286908000,659.1755,99.63985246,2414730.008,1.3,19,17.1,100.3109395,111.7336395,107.4183411,122.1197252,89.70024792,108.2249964,953820.8584,104.9
01/06/2017,157900000,46881580000,684.5036364,99.54192853,2413258.245,4,18.2,16.4,100.6580614,111.3203215,107.8754404,120.5888126,89.61009691,106.2033667,962083.6392,104.6
01/07/2017,98400000,46410125000,710.9338095,99.4581804,2413354.505,2.2,18.3,14.4,101.2651915,111.1825488,104.9042948,117.5269872,90.69190895,107.252622,967571.3885,106.8
01/08/2017,168900000,47807981000,720.5647826,99.51028887,2415662.586,3.9,19,13.8,102.3854038,112.2847302,113.2463575,117.6447498,89.88054992,106.600662,985507.4833,108.2
01/09/2017,-31400000,48016794000,689.6963158,99.98644639,2415705.085,2,17.7,11.4,102.6625561,112.1469575,107.3040663,121.1776251,91.68356998,107.5128709,980403.7951,106.7
01/10/2017,190800000,43477306000,670.4327273,100.1514188,2416008.849,0.5,18.7,12.6,102.9724829,112.5602755,110.1609371,118.5868499,91.41311697,106.0881804,987835.8569,108.5
01/11/2017,260300000,43415540000,669.8004545,100.5569408,2416786.875,1,17.8,12.5,103.4583357,112.8358209,110.0466622,116.9381747,92.94568402,106.6150318,993489.4496,109.5
01/12/2017,447100000,46279083000,667.8128571,100.8712202,2416003.323,-0.8,17.2,9.7,103.6647413,114.3513203,119.645748,118.5868499,87.80707685,109.6271925,999718.4171,105.6
01/01/2018,199800000,43545127000,702.4191304,100.9075069,2413097.329,2,17.4,17.3,104.1168842,112.5602755,114.8462051,118.3513248,90.33130494,107.0143705,1012844.55,110.1
01/02/2018,80400000,43448360000,696.38,101.1775123,2414503.675,1,18.9,15.8,103.5327679,112.8358209,106.2755928,108.8125613,88.70858688,104.5334611,1004602.904,109.3
01/03/2018,-226900000,44212640000,671.9090909,101.2914928,2412617.767,1.2,16.3,15.5,103.7548679,113.8002296,109.7038377,118.4690873,87.98737886,107.3237392,1015927.973,110
01/04/2018,128400000,44041837000,659.4014286,101.4575147,2413668.986,0.4,15.8,21.3,105.0992841,114.3513203,106.7326921,111.5210991,89.88054992,104.8940085,1020157.901,109.5
01/05/2018,140900000,44642739000,646.5447826,101.9160183,2410228.145,1.5,20.1,23,106.3509825,116.4179104,106.9612418,112.5809617,90.33130494,108.064829,1026411.29,109.6
01/06/2018,70300000,45981226000,632.9052381,102.5409128,2407792.552,2.8,20,20.8,107.8529845,116.2801378,115.7604038,117.7625123,90.06085193,109.8106557,1031488.058,105.9
01/07/2018,191000000,46413001000,629.9663636,102.9677352,2413247.972,-0.4,20.7,18,106.200857,115.1779564,112.5607085,117.6447498,90.60175794,107.5930968,1045225.11,104.4
01/08/2018,308200000,46860861000,635.2691304,103.208278,2411277.772,-0.1,17.2,22,106.2210776,116.2801378,105.475669,114.1118744,89.97070092,107.6480456,1039682.838,107
01/09/2018,-49300000,47995796000,627.584,103.6450063,2414364.527,-1.8,17.7,16.3,106.3717711,115.1779564,111.1894105,120.8243376,90.24115393,106.6854041,1039251.989,105.4
01/10/2018,-61800000,47206921000,610.4778261,103.791234,2423352.305,-1.7,18.8,10.6,107.4649009,117.1067738,113.8177316,128.5966634,91.32296597,106.2774991,1030219.706,102.8
01/11/2018,96700000,47255271000,592.1859091,103.5955181,2422350.104,-1.4,20.1,13.6,106.9916133,118.3467279,109.8181126,119.52895,91.32296597,107.9919308,1032462.811,102.7
01/12/2018,89900000,49036915000,593.5328571,103.2700743,2423922.848,-0.6,20.3,10.1,106.222662,117.1067738,107.9897153,116.3493621,91.95402299,106.4222629,1031531.495,103.5
01/01/2019,265800000,47718174000,573.6734783,103.3188095,2420771.051,0.2,14.5,13,105.3112854,119.1733639,113.0178078,123.7684004,90.96236196,108.1302148,1029298.702,103.5
01/02/2019,140600000,48440601000,579.596,103.5615795,2422185.825,-1.9,14.2,14.6,107.4239574,117.1067738,119.3029235,125.063788,94.83885508,110.7095198,1036091.232,101.5
01/03/2019,24100000,48947527000,583.2752381,104.0718288,2418637.897,-4.2,15.5,11.7,108.771014,119.4489093,111.3036854,117.6447498,95.83051611,109.7851561,1032555.822,98.6
01/04/2019,179200000,48530003000,576.8295455,104.5258362,2426012.423,-1.3,19,17.4,109.8826988,120,113.3606323,117.9980373,94.20779806,107.1346242,1039358.08,101.6
01/05/2019,31500000,48576671000,571.2786957,104.7635056,2426135.412,0.5,19.3,14.3,109.6269419,121.9288175,113.4749072,119.4111874,93.66689204,109.0667566,1050519.873,101.2
01/06/2019,121500000,49254456000,579.31,104.9317669,2417752.501,-0.5,22.2,13.8,109.1102933,121.6532721,108.5610894,113.6408243,93.03583502,106.2766213,1055691.078,98.9
01/07/2019,429800000,49890693000,581.0265217,105.6636288,2433859.646,1.3,23.2,14.8,109.3853552,124.4087256,115.3033044,120.235525,93.12598603,106.5057243,1044868.77,102.8
01/08/2019,131200000,48422452000,577.4272727,105.8265113,2427974.797,-0.7,20.4,15,109.7005311,123.1687715,111.3036854,120.9421001,94.02749606,106.488181,1159496.422,102.9
01/09/2019,79800000,49400308000,575.1052381,105.3732512,2419376.726,-1.8,23.1,13.5,110.0267337,121.9288175,112.7892582,118.9401374,94.02749606,106.4701418,1022806.863,102.8
01/10/2019,137800000,48346997000,561.8295652,105.4770815,2424154.484,-2,20.5,13.7,109.6466731,122.4799082,114.7319303,123.5328754,93.84719405,107.6444703,1006943.072,104
01/11/2019,94100000,48809832000,553.2380952,105.944182,2420560.081,-3.6,19.4,12.6,109.819045,124.1331803,111.8750595,125.2993131,93.75704305,107.9333248,995287.5698,102.6
01/12/2019,3900000,48574191000,551.7772727,106.5638737,2421932.001,-2.7,19.7,13.1,109.7810422,127.4397245,113.2463575,111.0500491,92.404778,105.2405259,1004041.299,104.3
01/01/2020,293800000,47948189000,577.4934783,106.9004056,2386501.166,-2.1,18.6,12.6,109.6386466,139.2881745,115.1890296,127.3012758,92.58508001,107.2565161,987353.2821,102.7
01/02/2020,263500000,48492372000,559.624,106.8063962,2383409.363,-3.3,17.6,9.1,108.9624301,139.7014925,116.2175031,124.1216879,87.98737886,108.2014117,966853.8277,99.1
01/03/2020,182800000,51834747000,458.7190909,106.4780773,2323545.9,-4.4,11,8.6,107.2097706,116.9690011,109.0181887,108.8125613,82.57831868,101.5411073,693834.326,96
01/04/2020,375800000,53703355000,440.7204545,105.7739262,2311470.781,-24.6,-21.1,-33.5,105.1792017,110.0803674,90.27711647,102.1000981,80.95560063,89.4621099,377897.5283,54.9
01/05/2020,25100000,53352802000,450.1595238,105.7334877,2295580.914,-17,-16.2,-36.9,103.9807365,112.1469575,95.30520903,101.7468106,84.65179175,92.13972765,343668.5088,62.5
01/06/2020,151000000,54840920000,458.8009091,105.8684479,2301948.984,-9.6,-10,-29.9,105.717071,116.0045924,100.6761261,105.279686,87.44647284,97.80293166,122619.1754,73
01/07/2020,934100000,54541346000,443.3573913,106.1068715,2306576.501,-10.1,-1.2,-23.1,106.9794033,118.4845006,103.6472717,110.343474,88.97903989,100.0454003,102041.957,75.9
01/08/2020,-3100000,55379548000,434.312381,106.5464112,2316838.632,-11.8,0,-19,106.017783,124.5464983,108.9039139,104.6908734,90.42145594,100.2691259,293369.4144,78.7
01/09/2020,315600000,60783025000,429.3777273,106.043487,2331780.368,-8.4,4.7,-17.7,106.2638968,129.2307692,113.7034568,115.642787,90.15100293,103.3498934,348149.7257,85
01/10/2020,150200000,57590412000,425.5509091,106.1639603,2351952.211,-8.5,8.6,-13.2,106.5368866,131.2973594,111.532235,112.6987242,90.78205995,104.7121116,554000.152,85.5
01/11/2020,71400000,56308921000,425.7580952,106.2894162,2339864.727,-9.6,-0.8,-14.8,106.7589851,132.1239954,114.0462813,114.1118744,89.79039892,103.2693553,564730.1288,83.7
01/12/2020,1000000,60333852000,438.9391304,106.631477,2335964.956,-8.5,-5.8,-22.2,108.8346193,130.195178,105.2471193,112.9342493,86.90556682,102.2886304,541300.7143,80.8
01/01/2021,172800000,55670732000,472.7795238,106.6651644,2263782.091,-5.3,-2.5,-18.3,110.4995216,130.3329506,112.6749833,116.5848871,89.88054992,104.4666298,558636.2787,84.3
01/02/2021,201600000,53912074000,497.4585,107.0553721,2271258.421,-6.6,0,-11.3,112.5654434,135.1549943,114.274831,120.5888126,90.15100293,105.5005236,573694.744,86.2
01/03/2021,188700000,56093454000,494.5817391,107.2479597,2274723.042,-4.4,4.2,-7.8,114.9463376,133.9150402,121.702695,120.8243376,90.42145594,108.4264988,577058.4921,92.8
01/04/2021,5600000,53225029000,512.7609091,107.7396875,2276664.435,-3.6,2.7,-7.4,115.9066531,135.8438576,112.7892582,126.8302257,91.50326797,109.4064113,571095.7356,93.2
01/05/2021,87100000,54256629000,524.4595238,108.1524875,2273145.576,-0.5,15.5,3,117.9858505,137.3593571,115.8746786,114.7006869,89.2494929,108.1755313,582270.7101,95.2
01/06/2021,361000000,58110623000,546.1618182,108.3707956,2279692.173,-3.2,18.2,8.4,119.7180867,140.5281286,112.4464337,116.4671246,91.77372098,108.8013175,582165.9807,99.3
01/07/2021,163600000,56580648000,561.87,108.5361938,2275010.42,-2.2,19.1,11.7,121.4561094,141.0792193,110.0466622,113.0520118,91.23281497,109.7858545,599662.0142,102
01/08/2021,38100000,59157449000,575.4468182,109.2444685,2279368.147,-3.6,18.9,8.9,124.7056536,139.0126292,115.0747548,115.0539745,91.32296597,111.1848129,609827.1833,100.6
01/09/2021,237600000,63491241000,565.2354545,110.2923777,2282186.552,-4.1,17.5,8.9,127.1416919,139.5637199,111.3036854,117.1736997,91.86387199,114.2167827,625159.3352,100.1
01/10/2021,64800000,60375713000,574.3885714,111.6980351,2279974.374,-4.9,12.1,6,132.1281586,140.5281286,111.0751357,113.4052993,90.69190895,115.7238466,661174.4156,98.1
01/11/2021,33700000,61910758000,608.6609091,112.9353452,2279305.693,-4.7,2.3,0.3,139.5909813,139.1504018,116.3317779,114.936212,91.32296597,118.1985728,673483.9977,95.2
01/12/2021,-118700000,67666318000,625.2456522,113.6803752,2286226.159,-3.7,6.9,3.6,141.9053358,141.4925373,117.7030759,123.7684004,92.58508001,118.2519697,690546.9696,100
01/01/2022,681600000,60088742000,633.5509524,114.8973687,2289075.342,-1.9,11.9,5.5,146.1223428,142.7049369,129.5876583,125.2993131,92.314627,122.7317664,700098.8781,101.3
01/02/2022,729000000,60700287000,619.4385,116.0505756,2286892.133,-1.8,13.9,7.7,148.5877821,142.1538462,123.3025426,129.5387635,93.03583502,121.632394,720229.5952,101.4
01/03/2022,436600000,64582378000,591.5647826,118.4273196,2281146.913,-5.4,10.6,5.9,156.2797009,145.5568312,126.6165127,131.7762512,91.59341898,128.8322227,902251.5252,94.9
01/04/2022,-67100000,62024484000,629.3461905,120.7357447,2277411.362,-2.9,14.6,4.4,162.1069642,142.9253731,123.7596419,133.4249264,91.77372098,127.3733422,906468.9224,95.3
01/05/2022,-56900000,62793748000,609.1231818,122.6546819,2278462.232,-2.4,15.6,10.7,162.6314704,144.413318,128.9020093,142.3748773,92.314627,128.5880139,934921.9733,94.5
01/06/2022,149400000,65482729000,614.8390909,124.3481776,2281722.43,0.6,22.2,9.9,168.7398969,142.3880597,138.0439958,135.8979392,91.86387199,126.9683041,925197.3963,98.3
01/07/2022,261900000,62999417000,606.4842857,124.785362,2282093.416,-0.4,18.8,12.5,172.1220769,142.5809414,131.7588801,127.1835132,92.13432499,128.208678,920007.332,99.2
01/08/2022,210600000,66595972000,610.8473913,125.6934579,2280072.297,-2.3,13.2,10,185.949036,144.2479908,122.0455195,127.4190383,90.87221095,127.4770212,955215.0146,98.6
01/09/2022,905500000,72265572000,602.5077273,127.4765481,2279484.628,-2.9,16,11.3,197.6611523,145.0470723,133.8158271,124.1216879,91.50326797,125.5444216,966142.4173,98.3
01/10/2022,146900000,69726938000,581.6752381,128.2203683,2281294.511,-3,11.2,10.8,186.3973069,143.1733639,124.9023902,128.5966634,92.76538201,121.2795008,975382.6683,99
01/11/2022,493600000,69737532000,594.8077273,129.0441405,2284181.457,-1.8,14.4,13.3,168.902321,145.8185993,121.4741453,133.5426889,92.94568402,123.7989181,982120.3984,102.7
01/12/2022,236600000,75151426000,602.4268182,129.9645035,2282735.91,-1.5,16.2,10.3,174.5280949,146.5350172,122.388344,123.1795878,90.24115393,121.4697272,999121.758,102.7
01/01/2023,624700000,71245951000,613.1631818,131.3073222,2312918.472,-2,15,12.6,170.6702864,150.1584386,128.1020855,134.013739,90.33130494,120.5421833,1009995.488,101.1
01/02/2023,561400000,71256777000,613.9515,132.0082796,2313671.417,-0.7,14.1,13.8,161.8834357,148.119403,127.4164365,128.2433759,90.15100293,119.4044667,1000165.601,101.9
01/03/2023,1253700000,74533680000,616.0626087,132.6821087,2311167.375,-1.1,14,14.9,159.6883066,148.8495982,119.645748,125.5348381,91.14266396,117.766451,1023334.425,104
01/04/2023,-200000,68083123000,611.23,133.2668325,2305384.838,-1.9,15.6,13.5,156.5083408,140.0597015,114.96048,124.1216879,90.42145594,113.3133317,1043797.935,102.2
01/05/2023,-103000000,67993771000,638.3613043,133.2403533,2308844.719,1,18,15.6,151.5856666,149.9793341,120.4456718,128.1256133,90.33130494,115.3157047,1036943.271,103.1
01/06/2023,365300000,68910443000,679.0127273,133.6469681,2306212.542,-0.8,14.9,18.2,150.1532771,149.3731343,115.0747548,124.357213,90.15100293,115.3901105,1059639.965,103.2
01/07/2023,680900000,71365375000,674.9933333,134.5837178,2303983.799,0.8,16.9,18.3,148.7148644,148.0229621,116.6746024,123.4151129,90.51160694,113.2555526,1072646.18,105.6
01/08/2023,700200000,72722321000,719.4626087,135.070045,2304822.76,-1.9,16.6,16.1,148.4480583,147.6647532,121.9312446,125.7703631,90.24115393,114.8400308,1064960.69,104.6
01/09/2023,404600000,72842140000,748.2957143,135.5681828,2304750.88,-0.5,16.6,15.9,150.3417573,147.5820896,117.7030759,129.0677134,91.32296597,112.4013276,1066349.614,105
01/10/2023,274100000,71806074000,748.82,135.7774341,2306445.803,-0.4,11.1,12.9,149.7001928,149.6211251,116.9031521,126.5947007,90.33130494,114.402649,1066842.246,106.3
01/11/2023,-82800000,74499143000,745.7927273,136.1155829,2311050.869,-2.4,12.8,13.3,150.4468611,150.1997704,118.0459004,123.1795878,89.88054992,109.4119435,1075070.589,105.1
01/12/2023,-44600000,81999309000,748.7428571,136.4624402,2312630.319,-1.8,10.1,12.3,149.8156381,149.304248,122.1597943,132.8361138,90.24115393,113.8803326,1073169.246,107
01/01/2024,287300000,73655863000,774.7408696,136.3815997,2328545.584,-1.3,9.1,14.3,146.9490163,149.9517796,113.3606323,122.4730128,90.69190895,109.6936176,1082254.319,105.6
01/02/2024,481000000,72692684000,782.4557143,136.5913546,2325400.584,-0.4,7.6,10.7,147.1028192,152.3076923,114.6176555,124.9460255,91.32296597,110.1070804,1094894.422,102.9
01/03/2024,329900000,75287121000,805.852381,136.8632736,2322437.735,-0.6,8.2,12.4,146.220005,150.5717566,117.4745262,134.8380765,91.95402299,109.0164591,1092011.299,105.2
01/04/2024,-222300000,73376809000,807.8709091,136.5529867,2324543.555,-0.8,10.5,13.2,146.3538829,153.3823192,123.6453671,131.7762512,92.76538201,112.5049722,1089979.001,103.9
01/05/2024,72900000,71749091000,847.0182609,136.9067908,2322618.947,-3,17.3,16.2,149.8218217,152.1699196,113.4749072,123.8861629,93.57674104,109.734335,1099577.874,104.5
01/06/2024,-69300000,73744526000,853.881,137.4406303,2323418.778,-2.8,14.7,16.2,149.669749,154.3605052,116.3317779,128.9499509,92.94568402,109.7555111,1102245.878,105.8
01/07/2024,243700000,71752073000,859.1921739,138.3013211,2324741.64,0,16.6,16.7,150.6543135,156.8679679,117.5888011,130.2453386,93.39643904,110.4613162,1101503.144,104.7
01/08/2024,548700000,72775472000,862.2622727,138.2791279,2328993.293,-2.9,10.5,14.1,150.5699569,156.6061998,117.3602514,125.5348381,94.74870408,111.4477206,1103264.415,105.3
01/09/2024,429400000,81696109000,861.632381,137.6376355,2333147.629,-6.2,17.4,14.3,149.0760167,157.804822,117.2459766,118.4690873,93.84719405,112.9094226,1103121.732,107.2
01/10/2024,327700000,77896456000,851.4217391,138.4594747,2334333.403,-6.5,11.3,12.6,147.8146565,158.8243398,121.1313208,120.3532875,95.3797611,111.940122,1105682.631,107
01/11/2024,225000000,77779340000,852.2609524,138.8871956,2336048.274,-0.9,9.9,8.6,152.1070512,161.2766935,119.7600229,117.7625123,96.91232815,111.5333394,1098925.33,105.7
01/12/2024,200500000,82254641000,866.2331818,139.2483099,2339258.27,-2,11.7,9.9,157.8360916,162.0344432,116.6746024,119.2934249,95.74036511,109.1187522,1106578.743,105.7
01/01/2025,338000000,78173173000,891.0365217,141.5290273,,-0.8,12.8,8.5,165.4832229,162.1584386,,,97.18278116,106.8991765,1098379.599,104.5
01/02/2025,,75975917000,896.3535,141.9489274,,-1.4,14,7.9,,,,,,,,105
